Test,Client,Metric,Phase,Value
BigBlock,Besu - Lighthouse,Avg Block Gas Used %,Phase 1,11.29
BigBlock,Equalweight - Lighthouse,Avg Block Gas Used %,Phase 1,10.90
BigBlock,Geth - Lighthouse,Avg Block Gas Used %,Phase 1,6.05
BigBlock,Mainnet - Lighthouse,Avg Block Gas Used %,Phase 1,9.40
BigBlock,Nethermind - Lighthouse,Avg Block Gas Used %,Phase 1,10.57
BigBlock,Besu - Lighthouse,Avg Block Gas Used %,Phase 2,96.88
BigBlock,Equalweight - Lighthouse,Avg Block Gas Used %,Phase 2,97.81
BigBlock,Geth - Lighthouse,Avg Block Gas Used %,Phase 2,95.19
BigBlock,Mainnet - Lighthouse,Avg Block Gas Used %,Phase 2,97.88
BigBlock,Nethermind - Lighthouse,Avg Block Gas Used %,Phase 2,98.62
BigBlock,Besu - Lighthouse,Avg Block Size kB,Phase 1,20.01
BigBlock,Equalweight - Lighthouse,Avg Block Size kB,Phase 1,19.30
BigBlock,Geth - Lighthouse,Avg Block Size kB,Phase 1,10.55
BigBlock,Mainnet - Lighthouse,Avg Block Size kB,Phase 1,16.60
BigBlock,Nethermind - Lighthouse,Avg Block Size kB,Phase 1,18.70
BigBlock,Besu - Lighthouse,Avg Block Size kB,Phase 2,3562.53
BigBlock,Equalweight - Lighthouse,Avg Block Size kB,Phase 2,3610.95
BigBlock,Geth - Lighthouse,Avg Block Size kB,Phase 2,3510.01
BigBlock,Mainnet - Lighthouse,Avg Block Size kB,Phase 2,3616.59
BigBlock,Nethermind - Lighthouse,Avg Block Size kB,Phase 2,3642.66
BigBlock,Besu - Lighthouse,Avg CPU %,Phase 1,145.66
BigBlock,Equalweight - Lighthouse,Avg CPU %,Phase 1,75.65
BigBlock,Geth - Lighthouse,Avg CPU %,Phase 1,20.47
BigBlock,Mainnet - Lighthouse,Avg CPU %,Phase 1,51.32
BigBlock,Nethermind - Lighthouse,Avg CPU %,Phase 1,66.95
BigBlock,Besu - Lighthouse,Avg CPU %,Phase 2,235.62
BigBlock,Equalweight - Lighthouse,Avg CPU %,Phase 2,146.00
BigBlock,Geth - Lighthouse,Avg CPU %,Phase 2,106.88
BigBlock,Mainnet - Lighthouse,Avg CPU %,Phase 2,124.06
BigBlock,Nethermind - Lighthouse,Avg CPU %,Phase 2,101.99
BigBlock,Besu - Lighthouse,Avg CPU % per node,Phase 1,12.13
BigBlock,Equalweight - Lighthouse,Avg CPU % per node,Phase 1,6.30
BigBlock,Geth - Lighthouse,Avg CPU % per node,Phase 1,1.70
BigBlock,Mainnet - Lighthouse,Avg CPU % per node,Phase 1,4.27
BigBlock,Nethermind - Lighthouse,Avg CPU % per node,Phase 1,5.57
BigBlock,Besu - Lighthouse,Avg CPU % per node,Phase 2,19.63
BigBlock,Equalweight - Lighthouse,Avg CPU % per node,Phase 2,12.16
BigBlock,Geth - Lighthouse,Avg CPU % per node,Phase 2,8.90
BigBlock,Mainnet - Lighthouse,Avg CPU % per node,Phase 2,10.33
BigBlock,Nethermind - Lighthouse,Avg CPU % per node,Phase 2,8.49
BigBlock,Besu - Lighthouse,Avg Gas Gwei,Phase 1,2.46
BigBlock,Equalweight - Lighthouse,Avg Gas Gwei,Phase 1,2.22
BigBlock,Geth - Lighthouse,Avg Gas Gwei,Phase 1,2.10
BigBlock,Mainnet - Lighthouse,Avg Gas Gwei,Phase 1,2.19
BigBlock,Nethermind - Lighthouse,Avg Gas Gwei,Phase 1,2.31
BigBlock,Besu - Lighthouse,Avg Gas Gwei,Phase 2,2.33
BigBlock,Equalweight - Lighthouse,Avg Gas Gwei,Phase 2,2.38
BigBlock,Geth - Lighthouse,Avg Gas Gwei,Phase 2,2.22
BigBlock,Mainnet - Lighthouse,Avg Gas Gwei,Phase 2,2.33
BigBlock,Nethermind - Lighthouse,Avg Gas Gwei,Phase 2,2.38
BigBlock,Besu - Lighthouse,Avg Latency ms,Phase 1,6926.78
BigBlock,Equalweight - Lighthouse,Avg Latency ms,Phase 1,6929.02
BigBlock,Geth - Lighthouse,Avg Latency ms,Phase 1,8092.33
BigBlock,Mainnet - Lighthouse,Avg Latency ms,Phase 1,7048.25
BigBlock,Nethermind - Lighthouse,Avg Latency ms,Phase 1,6458.76
BigBlock,Besu - Lighthouse,Avg Latency ms,Phase 2,12448.43
BigBlock,Equalweight - Lighthouse,Avg Latency ms,Phase 2,12678.02
BigBlock,Geth - Lighthouse,Avg Latency ms,Phase 2,12860.17
BigBlock,Mainnet - Lighthouse,Avg Latency ms,Phase 2,12821.93
BigBlock,Nethermind - Lighthouse,Avg Latency ms,Phase 2,12572.49
BigBlock,Besu - Lighthouse,Avg Net RX MB/s,Phase 1,4.75
BigBlock,Equalweight - Lighthouse,Avg Net RX MB/s,Phase 1,4.39
BigBlock,Geth - Lighthouse,Avg Net RX MB/s,Phase 1,4.25
BigBlock,Mainnet - Lighthouse,Avg Net RX MB/s,Phase 1,4.15
BigBlock,Nethermind - Lighthouse,Avg Net RX MB/s,Phase 1,4.28
BigBlock,Besu - Lighthouse,Avg Net RX MB/s,Phase 2,13.83
BigBlock,Equalweight - Lighthouse,Avg Net RX MB/s,Phase 2,13.87
BigBlock,Geth - Lighthouse,Avg Net RX MB/s,Phase 2,13.99
BigBlock,Mainnet - Lighthouse,Avg Net RX MB/s,Phase 2,14.17
BigBlock,Nethermind - Lighthouse,Avg Net RX MB/s,Phase 2,13.86
BigBlock,Besu - Lighthouse,Avg Net TX MB/s,Phase 1,5.94
BigBlock,Equalweight - Lighthouse,Avg Net TX MB/s,Phase 1,5.54
BigBlock,Geth - Lighthouse,Avg Net TX MB/s,Phase 1,5.29
BigBlock,Mainnet - Lighthouse,Avg Net TX MB/s,Phase 1,5.18
BigBlock,Nethermind - Lighthouse,Avg Net TX MB/s,Phase 1,5.37
BigBlock,Besu - Lighthouse,Avg Net TX MB/s,Phase 2,48.34
BigBlock,Equalweight - Lighthouse,Avg Net TX MB/s,Phase 2,47.87
BigBlock,Geth - Lighthouse,Avg Net TX MB/s,Phase 2,47.26
BigBlock,Mainnet - Lighthouse,Avg Net TX MB/s,Phase 2,46.76
BigBlock,Nethermind - Lighthouse,Avg Net TX MB/s,Phase 2,47.55
BigBlock,Besu - Lighthouse,Avg RAM GB,Phase 1,8.31
BigBlock,Equalweight - Lighthouse,Avg RAM GB,Phase 1,5.22
BigBlock,Geth - Lighthouse,Avg RAM GB,Phase 1,1.36
BigBlock,Mainnet - Lighthouse,Avg RAM GB,Phase 1,4.54
BigBlock,Nethermind - Lighthouse,Avg RAM GB,Phase 1,6.72
BigBlock,Besu - Lighthouse,Avg RAM GB,Phase 2,12.39
BigBlock,Equalweight - Lighthouse,Avg RAM GB,Phase 2,8.94
BigBlock,Geth - Lighthouse,Avg RAM GB,Phase 2,5.07
BigBlock,Mainnet - Lighthouse,Avg RAM GB,Phase 2,7.85
BigBlock,Nethermind - Lighthouse,Avg RAM GB,Phase 2,9.23
BigBlock,Besu - Lighthouse,Avg RAM GB per node,Phase 1,0.6932
BigBlock,Equalweight - Lighthouse,Avg RAM GB per node,Phase 1,0.4352
BigBlock,Geth - Lighthouse,Avg RAM GB per node,Phase 1,0.1140
BigBlock,Mainnet - Lighthouse,Avg RAM GB per node,Phase 1,0.3788
BigBlock,Nethermind - Lighthouse,Avg RAM GB per node,Phase 1,0.5606
BigBlock,Besu - Lighthouse,Avg RAM GB per node,Phase 2,1.03
BigBlock,Equalweight - Lighthouse,Avg RAM GB per node,Phase 2,0.7453
BigBlock,Geth - Lighthouse,Avg RAM GB per node,Phase 2,0.4231
BigBlock,Mainnet - Lighthouse,Avg RAM GB per node,Phase 2,0.6547
BigBlock,Nethermind - Lighthouse,Avg RAM GB per node,Phase 2,0.7695
BigBlock,Besu - Lighthouse,Avg Spam Confirmed,Phase 1,138.35
BigBlock,Equalweight - Lighthouse,Avg Spam Confirmed,Phase 1,133.06
BigBlock,Geth - Lighthouse,Avg Spam Confirmed,Phase 1,69.29
BigBlock,Mainnet - Lighthouse,Avg Spam Confirmed,Phase 1,113.38
BigBlock,Nethermind - Lighthouse,Avg Spam Confirmed,Phase 1,128.70
BigBlock,Besu - Lighthouse,Avg Spam Confirmed,Phase 2,260.69
BigBlock,Equalweight - Lighthouse,Avg Spam Confirmed,Phase 2,258.96
BigBlock,Geth - Lighthouse,Avg Spam Confirmed,Phase 2,253.33
BigBlock,Mainnet - Lighthouse,Avg Spam Confirmed,Phase 2,258.36
BigBlock,Nethermind - Lighthouse,Avg Spam Confirmed,Phase 2,260.63
BigBlock,Besu - Lighthouse,Avg Spam Pending,Phase 1,24.87
BigBlock,Equalweight - Lighthouse,Avg Spam Pending,Phase 1,35.93
BigBlock,Geth - Lighthouse,Avg Spam Pending,Phase 1,27.19
BigBlock,Mainnet - Lighthouse,Avg Spam Pending,Phase 1,23.93
BigBlock,Nethermind - Lighthouse,Avg Spam Pending,Phase 1,15.96
BigBlock,Besu - Lighthouse,Avg Spam Pending,Phase 2,143.48
BigBlock,Equalweight - Lighthouse,Avg Spam Pending,Phase 2,165.75
BigBlock,Geth - Lighthouse,Avg Spam Pending,Phase 2,172.60
BigBlock,Mainnet - Lighthouse,Avg Spam Pending,Phase 2,173.00
BigBlock,Nethermind - Lighthouse,Avg Spam Pending,Phase 2,174.00
BigBlock,Besu - Lighthouse,Avg Spam Submitted,Phase 1,139.45
BigBlock,Equalweight - Lighthouse,Avg Spam Submitted,Phase 1,134.32
BigBlock,Geth - Lighthouse,Avg Spam Submitted,Phase 1,71.22
BigBlock,Mainnet - Lighthouse,Avg Spam Submitted,Phase 1,113.70
BigBlock,Nethermind - Lighthouse,Avg Spam Submitted,Phase 1,129.48
BigBlock,Besu - Lighthouse,Avg Spam Submitted,Phase 2,261.66
BigBlock,Equalweight - Lighthouse,Avg Spam Submitted,Phase 2,257.78
BigBlock,Geth - Lighthouse,Avg Spam Submitted,Phase 2,251.51
BigBlock,Mainnet - Lighthouse,Avg Spam Submitted,Phase 2,258.06
BigBlock,Nethermind - Lighthouse,Avg Spam Submitted,Phase 2,259.90
BigBlock,Besu - Lighthouse,Max Block Gas Used %,Phase 1,23.76
BigBlock,Equalweight - Lighthouse,Max Block Gas Used %,Phase 1,23.76
BigBlock,Geth - Lighthouse,Max Block Gas Used %,Phase 1,19.70
BigBlock,Mainnet - Lighthouse,Max Block Gas Used %,Phase 1,15.79
BigBlock,Nethermind - Lighthouse,Max Block Gas Used %,Phase 1,19.70
BigBlock,Besu - Lighthouse,Max Block Gas Used %,Phase 2,99.99
BigBlock,Equalweight - Lighthouse,Max Block Gas Used %,Phase 2,99.99
BigBlock,Geth - Lighthouse,Max Block Gas Used %,Phase 2,100.00
BigBlock,Mainnet - Lighthouse,Max Block Gas Used %,Phase 2,100.00
BigBlock,Nethermind - Lighthouse,Max Block Gas Used %,Phase 2,99.99
BigBlock,Besu - Lighthouse,Max Block Size kB,Phase 1,22.00
BigBlock,Equalweight - Lighthouse,Max Block Size kB,Phase 1,24.10
BigBlock,Geth - Lighthouse,Max Block Size kB,Phase 1,22.01
BigBlock,Mainnet - Lighthouse,Max Block Size kB,Phase 1,24.10
BigBlock,Nethermind - Lighthouse,Max Block Size kB,Phase 1,22.00
BigBlock,Besu - Lighthouse,Max Block Size kB,Phase 2,3991.24
BigBlock,Equalweight - Lighthouse,Max Block Size kB,Phase 2,3900.33
BigBlock,Geth - Lighthouse,Max Block Size kB,Phase 2,3719.48
BigBlock,Mainnet - Lighthouse,Max Block Size kB,Phase 2,3900.85
BigBlock,Nethermind - Lighthouse,Max Block Size kB,Phase 2,3749.51
BigBlock,Besu - Lighthouse,Max CPU %,Phase 1,1573.00
BigBlock,Equalweight - Lighthouse,Max CPU %,Phase 1,558.00
BigBlock,Geth - Lighthouse,Max CPU %,Phase 1,182.00
BigBlock,Mainnet - Lighthouse,Max CPU %,Phase 1,335.00
BigBlock,Nethermind - Lighthouse,Max CPU %,Phase 1,451.00
BigBlock,Besu - Lighthouse,Max CPU %,Phase 2,1023.00
BigBlock,Equalweight - Lighthouse,Max CPU %,Phase 2,960.00
BigBlock,Geth - Lighthouse,Max CPU %,Phase 2,845.00
BigBlock,Mainnet - Lighthouse,Max CPU %,Phase 2,840.90
BigBlock,Nethermind - Lighthouse,Max CPU %,Phase 2,747.00
BigBlock,Besu - Lighthouse,Max CPU % per node,Phase 1,131.08
BigBlock,Equalweight - Lighthouse,Max CPU % per node,Phase 1,46.50
BigBlock,Geth - Lighthouse,Max CPU % per node,Phase 1,15.16
BigBlock,Mainnet - Lighthouse,Max CPU % per node,Phase 1,27.91
BigBlock,Nethermind - Lighthouse,Max CPU % per node,Phase 1,37.58
BigBlock,Besu - Lighthouse,Max CPU % per node,Phase 2,85.25
BigBlock,Equalweight - Lighthouse,Max CPU % per node,Phase 2,80.00
BigBlock,Geth - Lighthouse,Max CPU % per node,Phase 2,70.41
BigBlock,Mainnet - Lighthouse,Max CPU % per node,Phase 2,70.07
BigBlock,Nethermind - Lighthouse,Max CPU % per node,Phase 2,62.25
BigBlock,Besu - Lighthouse,Max Gas Gwei,Phase 1,200.76
BigBlock,Equalweight - Lighthouse,Max Gas Gwei,Phase 1,100.04
BigBlock,Geth - Lighthouse,Max Gas Gwei,Phase 1,100.02
BigBlock,Mainnet - Lighthouse,Max Gas Gwei,Phase 1,100.45
BigBlock,Nethermind - Lighthouse,Max Gas Gwei,Phase 1,200.76
BigBlock,Besu - Lighthouse,Max Gas Gwei,Phase 2,3.25
BigBlock,Equalweight - Lighthouse,Max Gas Gwei,Phase 2,3.50
BigBlock,Geth - Lighthouse,Max Gas Gwei,Phase 2,2.84
BigBlock,Mainnet - Lighthouse,Max Gas Gwei,Phase 2,3.33
BigBlock,Nethermind - Lighthouse,Max Gas Gwei,Phase 2,3.49
BigBlock,Besu - Lighthouse,Max Latency ms,Phase 1,27641.00
BigBlock,Equalweight - Lighthouse,Max Latency ms,Phase 1,14114.00
BigBlock,Geth - Lighthouse,Max Latency ms,Phase 1,14129.00
BigBlock,Mainnet - Lighthouse,Max Latency ms,Phase 1,14119.00
BigBlock,Nethermind - Lighthouse,Max Latency ms,Phase 1,12442.00
BigBlock,Besu - Lighthouse,Max Latency ms,Phase 2,41521.00
BigBlock,Equalweight - Lighthouse,Max Latency ms,Phase 2,41986.00
BigBlock,Geth - Lighthouse,Max Latency ms,Phase 2,20316.00
BigBlock,Mainnet - Lighthouse,Max Latency ms,Phase 2,31790.00
BigBlock,Nethermind - Lighthouse,Max Latency ms,Phase 2,20349.00
BigBlock,Besu - Lighthouse,Max Net RX MB/s,Phase 1,8.17
BigBlock,Equalweight - Lighthouse,Max Net RX MB/s,Phase 1,8.11
BigBlock,Geth - Lighthouse,Max Net RX MB/s,Phase 1,8.08
BigBlock,Mainnet - Lighthouse,Max Net RX MB/s,Phase 1,8.18
BigBlock,Nethermind - Lighthouse,Max Net RX MB/s,Phase 1,8.09
BigBlock,Besu - Lighthouse,Max Net RX MB/s,Phase 2,18.40
BigBlock,Equalweight - Lighthouse,Max Net RX MB/s,Phase 2,18.51
BigBlock,Geth - Lighthouse,Max Net RX MB/s,Phase 2,18.79
BigBlock,Mainnet - Lighthouse,Max Net RX MB/s,Phase 2,19.47
BigBlock,Nethermind - Lighthouse,Max Net RX MB/s,Phase 2,18.26
BigBlock,Besu - Lighthouse,Max Net TX MB/s,Phase 1,10.22
BigBlock,Equalweight - Lighthouse,Max Net TX MB/s,Phase 1,10.15
BigBlock,Geth - Lighthouse,Max Net TX MB/s,Phase 1,9.97
BigBlock,Mainnet - Lighthouse,Max Net TX MB/s,Phase 1,10.15
BigBlock,Nethermind - Lighthouse,Max Net TX MB/s,Phase 1,10.13
BigBlock,Besu - Lighthouse,Max Net TX MB/s,Phase 2,76.06
BigBlock,Equalweight - Lighthouse,Max Net TX MB/s,Phase 2,76.30
BigBlock,Geth - Lighthouse,Max Net TX MB/s,Phase 2,76.98
BigBlock,Mainnet - Lighthouse,Max Net TX MB/s,Phase 2,77.22
BigBlock,Nethermind - Lighthouse,Max Net TX MB/s,Phase 2,76.25
BigBlock,Besu - Lighthouse,Max RAM GB,Phase 1,9.28
BigBlock,Equalweight - Lighthouse,Max RAM GB,Phase 1,5.72
BigBlock,Geth - Lighthouse,Max RAM GB,Phase 1,1.76
BigBlock,Mainnet - Lighthouse,Max RAM GB,Phase 1,4.96
BigBlock,Nethermind - Lighthouse,Max RAM GB,Phase 1,7.46
BigBlock,Besu - Lighthouse,Max RAM GB,Phase 2,14.40
BigBlock,Equalweight - Lighthouse,Max RAM GB,Phase 2,11.17
BigBlock,Geth - Lighthouse,Max RAM GB,Phase 2,7.48
BigBlock,Mainnet - Lighthouse,Max RAM GB,Phase 2,10.13
BigBlock,Nethermind - Lighthouse,Max RAM GB,Phase 2,11.25
BigBlock,Besu - Lighthouse,Max RAM GB per node,Phase 1,0.7735
BigBlock,Equalweight - Lighthouse,Max RAM GB per node,Phase 1,0.4770
BigBlock,Geth - Lighthouse,Max RAM GB per node,Phase 1,0.1468
BigBlock,Mainnet - Lighthouse,Max RAM GB per node,Phase 1,0.4140
BigBlock,Nethermind - Lighthouse,Max RAM GB per node,Phase 1,0.6218
BigBlock,Besu - Lighthouse,Max RAM GB per node,Phase 2,1.20
BigBlock,Equalweight - Lighthouse,Max RAM GB per node,Phase 2,0.9311
BigBlock,Geth - Lighthouse,Max RAM GB per node,Phase 2,0.6236
BigBlock,Mainnet - Lighthouse,Max RAM GB per node,Phase 2,0.8442
BigBlock,Nethermind - Lighthouse,Max RAM GB per node,Phase 2,0.9375
BigBlock,Besu - Lighthouse,Max Spam Confirmed,Phase 1,151.00
BigBlock,Equalweight - Lighthouse,Max Spam Confirmed,Phase 1,171.00
BigBlock,Geth - Lighthouse,Max Spam Confirmed,Phase 1,151.00
BigBlock,Mainnet - Lighthouse,Max Spam Confirmed,Phase 1,171.00
BigBlock,Nethermind - Lighthouse,Max Spam Confirmed,Phase 1,151.00
BigBlock,Besu - Lighthouse,Max Spam Confirmed,Phase 2,346.00
BigBlock,Equalweight - Lighthouse,Max Spam Confirmed,Phase 2,319.00
BigBlock,Geth - Lighthouse,Max Spam Confirmed,Phase 2,284.00
BigBlock,Mainnet - Lighthouse,Max Spam Confirmed,Phase 2,352.00
BigBlock,Nethermind - Lighthouse,Max Spam Confirmed,Phase 2,276.00
BigBlock,Besu - Lighthouse,Max Spam Pending,Phase 1,34.00
BigBlock,Equalweight - Lighthouse,Max Spam Pending,Phase 1,58.00
BigBlock,Geth - Lighthouse,Max Spam Pending,Phase 1,60.00
BigBlock,Mainnet - Lighthouse,Max Spam Pending,Phase 1,64.00
BigBlock,Nethermind - Lighthouse,Max Spam Pending,Phase 1,24.00
BigBlock,Besu - Lighthouse,Max Spam Pending,Phase 2,250.00
BigBlock,Equalweight - Lighthouse,Max Spam Pending,Phase 2,201.00
BigBlock,Geth - Lighthouse,Max Spam Pending,Phase 2,204.00
BigBlock,Mainnet - Lighthouse,Max Spam Pending,Phase 2,203.00
BigBlock,Nethermind - Lighthouse,Max Spam Pending,Phase 2,204.00
BigBlock,Besu - Lighthouse,Max Spam Submitted,Phase 1,155.00
BigBlock,Equalweight - Lighthouse,Max Spam Submitted,Phase 1,152.00
BigBlock,Geth - Lighthouse,Max Spam Submitted,Phase 1,152.00
BigBlock,Mainnet - Lighthouse,Max Spam Submitted,Phase 1,152.00
BigBlock,Nethermind - Lighthouse,Max Spam Submitted,Phase 1,152.00
BigBlock,Besu - Lighthouse,Max Spam Submitted,Phase 2,288.00
BigBlock,Equalweight - Lighthouse,Max Spam Submitted,Phase 2,288.00
BigBlock,Geth - Lighthouse,Max Spam Submitted,Phase 2,287.00
BigBlock,Mainnet - Lighthouse,Max Spam Submitted,Phase 2,358.00
BigBlock,Nethermind - Lighthouse,Max Spam Submitted,Phase 2,287.00
BigBlock,Besu - Lighthouse,Median Block Gas Used %,Phase 1,11.40
BigBlock,Equalweight - Lighthouse,Median Block Gas Used %,Phase 1,11.40
BigBlock,Geth - Lighthouse,Median Block Gas Used %,Phase 1,4.58
BigBlock,Mainnet - Lighthouse,Median Block Gas Used %,Phase 1,11.40
BigBlock,Nethermind - Lighthouse,Median Block Gas Used %,Phase 1,11.40
BigBlock,Besu - Lighthouse,Median Block Gas Used %,Phase 2,99.88
BigBlock,Equalweight - Lighthouse,Median Block Gas Used %,Phase 2,99.96
BigBlock,Geth - Lighthouse,Median Block Gas Used %,Phase 2,99.98
BigBlock,Mainnet - Lighthouse,Median Block Gas Used %,Phase 2,99.97
BigBlock,Nethermind - Lighthouse,Median Block Gas Used %,Phase 2,99.97
BigBlock,Besu - Lighthouse,Median Block Size kB,Phase 1,21.21
BigBlock,Equalweight - Lighthouse,Median Block Size kB,Phase 1,21.22
BigBlock,Geth - Lighthouse,Median Block Size kB,Phase 1,9.22
BigBlock,Mainnet - Lighthouse,Median Block Size kB,Phase 1,21.22
BigBlock,Nethermind - Lighthouse,Median Block Size kB,Phase 1,21.22
BigBlock,Besu - Lighthouse,Median Block Size kB,Phase 2,3719.12
BigBlock,Equalweight - Lighthouse,Median Block Size kB,Phase 2,3689.03
BigBlock,Geth - Lighthouse,Median Block Size kB,Phase 2,3689.05
BigBlock,Mainnet - Lighthouse,Median Block Size kB,Phase 2,3689.04
BigBlock,Nethermind - Lighthouse,Median Block Size kB,Phase 2,3689.15
BigBlock,Besu - Lighthouse,Median CPU %,Phase 1,88.00
BigBlock,Equalweight - Lighthouse,Median CPU %,Phase 1,54.00
BigBlock,Geth - Lighthouse,Median CPU %,Phase 1,15.00
BigBlock,Mainnet - Lighthouse,Median CPU %,Phase 1,38.00
BigBlock,Nethermind - Lighthouse,Median CPU %,Phase 1,49.00
BigBlock,Besu - Lighthouse,Median CPU %,Phase 2,217.00
BigBlock,Equalweight - Lighthouse,Median CPU %,Phase 2,78.00
BigBlock,Geth - Lighthouse,Median CPU %,Phase 2,46.00
BigBlock,Mainnet - Lighthouse,Median CPU %,Phase 2,58.00
BigBlock,Nethermind - Lighthouse,Median CPU %,Phase 2,75.00
BigBlock,Besu - Lighthouse,Median CPU % per node,Phase 1,7.33
BigBlock,Equalweight - Lighthouse,Median CPU % per node,Phase 1,4.50
BigBlock,Geth - Lighthouse,Median CPU % per node,Phase 1,1.25
BigBlock,Mainnet - Lighthouse,Median CPU % per node,Phase 1,3.16
BigBlock,Nethermind - Lighthouse,Median CPU % per node,Phase 1,4.08
BigBlock,Besu - Lighthouse,Median CPU % per node,Phase 2,18.08
BigBlock,Equalweight - Lighthouse,Median CPU % per node,Phase 2,6.50
BigBlock,Geth - Lighthouse,Median CPU % per node,Phase 2,3.83
BigBlock,Mainnet - Lighthouse,Median CPU % per node,Phase 2,4.83
BigBlock,Nethermind - Lighthouse,Median CPU % per node,Phase 2,6.25
BigBlock,Besu - Lighthouse,Median Gas Gwei,Phase 1,2.16
BigBlock,Equalweight - Lighthouse,Median Gas Gwei,Phase 1,2.14
BigBlock,Geth - Lighthouse,Median Gas Gwei,Phase 1,2.05
BigBlock,Mainnet - Lighthouse,Median Gas Gwei,Phase 1,2.10
BigBlock,Nethermind - Lighthouse,Median Gas Gwei,Phase 1,2.14
BigBlock,Besu - Lighthouse,Median Gas Gwei,Phase 2,2.19
BigBlock,Equalweight - Lighthouse,Median Gas Gwei,Phase 2,2.22
BigBlock,Geth - Lighthouse,Median Gas Gwei,Phase 2,2.13
BigBlock,Mainnet - Lighthouse,Median Gas Gwei,Phase 2,2.20
BigBlock,Nethermind - Lighthouse,Median Gas Gwei,Phase 2,2.22
BigBlock,Besu - Lighthouse,Median Latency ms,Phase 1,6895.00
BigBlock,Equalweight - Lighthouse,Median Latency ms,Phase 1,6884.50
BigBlock,Geth - Lighthouse,Median Latency ms,Phase 1,8090.00
BigBlock,Mainnet - Lighthouse,Median Latency ms,Phase 1,7012.00
BigBlock,Nethermind - Lighthouse,Median Latency ms,Phase 1,6411.00
BigBlock,Besu - Lighthouse,Median Latency ms,Phase 2,11374.00
BigBlock,Equalweight - Lighthouse,Median Latency ms,Phase 2,12633.50
BigBlock,Geth - Lighthouse,Median Latency ms,Phase 2,13032.50
BigBlock,Mainnet - Lighthouse,Median Latency ms,Phase 2,12900.50
BigBlock,Nethermind - Lighthouse,Median Latency ms,Phase 2,12762.00
BigBlock,Besu - Lighthouse,Median Net RX MB/s,Phase 1,4.96
BigBlock,Equalweight - Lighthouse,Median Net RX MB/s,Phase 1,4.54
BigBlock,Geth - Lighthouse,Median Net RX MB/s,Phase 1,4.33
BigBlock,Mainnet - Lighthouse,Median Net RX MB/s,Phase 1,4.17
BigBlock,Nethermind - Lighthouse,Median Net RX MB/s,Phase 1,4.34
BigBlock,Besu - Lighthouse,Median Net RX MB/s,Phase 2,14.25
BigBlock,Equalweight - Lighthouse,Median Net RX MB/s,Phase 2,14.18
BigBlock,Geth - Lighthouse,Median Net RX MB/s,Phase 2,14.27
BigBlock,Mainnet - Lighthouse,Median Net RX MB/s,Phase 2,14.40
BigBlock,Nethermind - Lighthouse,Median Net RX MB/s,Phase 2,14.19
BigBlock,Besu - Lighthouse,Median Net TX MB/s,Phase 1,6.16
BigBlock,Equalweight - Lighthouse,Median Net TX MB/s,Phase 1,5.68
BigBlock,Geth - Lighthouse,Median Net TX MB/s,Phase 1,5.32
BigBlock,Mainnet - Lighthouse,Median Net TX MB/s,Phase 1,5.19
BigBlock,Nethermind - Lighthouse,Median Net TX MB/s,Phase 1,5.43
BigBlock,Besu - Lighthouse,Median Net TX MB/s,Phase 2,50.50
BigBlock,Equalweight - Lighthouse,Median Net TX MB/s,Phase 2,49.56
BigBlock,Geth - Lighthouse,Median Net TX MB/s,Phase 2,48.65
BigBlock,Mainnet - Lighthouse,Median Net TX MB/s,Phase 2,48.15
BigBlock,Nethermind - Lighthouse,Median Net TX MB/s,Phase 2,49.13
BigBlock,Besu - Lighthouse,Median RAM GB,Phase 1,8.64
BigBlock,Equalweight - Lighthouse,Median RAM GB,Phase 1,5.22
BigBlock,Geth - Lighthouse,Median RAM GB,Phase 1,1.41
BigBlock,Mainnet - Lighthouse,Median RAM GB,Phase 1,4.56
BigBlock,Nethermind - Lighthouse,Median RAM GB,Phase 1,6.94
BigBlock,Besu - Lighthouse,Median RAM GB,Phase 2,12.67
BigBlock,Equalweight - Lighthouse,Median RAM GB,Phase 2,9.28
BigBlock,Geth - Lighthouse,Median RAM GB,Phase 2,5.00
BigBlock,Mainnet - Lighthouse,Median RAM GB,Phase 2,8.11
BigBlock,Nethermind - Lighthouse,Median RAM GB,Phase 2,9.59
BigBlock,Besu - Lighthouse,Median RAM GB per node,Phase 1,0.7205
BigBlock,Equalweight - Lighthouse,Median RAM GB per node,Phase 1,0.4358
BigBlock,Geth - Lighthouse,Median RAM GB per node,Phase 1,0.1179
BigBlock,Mainnet - Lighthouse,Median RAM GB per node,Phase 1,0.3805
BigBlock,Nethermind - Lighthouse,Median RAM GB per node,Phase 1,0.5786
BigBlock,Besu - Lighthouse,Median RAM GB per node,Phase 2,1.05
BigBlock,Equalweight - Lighthouse,Median RAM GB per node,Phase 2,0.7738
BigBlock,Geth - Lighthouse,Median RAM GB per node,Phase 2,0.4167
BigBlock,Mainnet - Lighthouse,Median RAM GB per node,Phase 2,0.6758
BigBlock,Nethermind - Lighthouse,Median RAM GB per node,Phase 2,0.7992
BigBlock,Besu - Lighthouse,Median Spam Confirmed,Phase 1,150.00
BigBlock,Equalweight - Lighthouse,Median Spam Confirmed,Phase 1,150.00
BigBlock,Geth - Lighthouse,Median Spam Confirmed,Phase 1,0.0000
BigBlock,Mainnet - Lighthouse,Median Spam Confirmed,Phase 1,150.00
BigBlock,Nethermind - Lighthouse,Median Spam Confirmed,Phase 1,150.00
BigBlock,Besu - Lighthouse,Median Spam Confirmed,Phase 2,255.00
BigBlock,Equalweight - Lighthouse,Median Spam Confirmed,Phase 2,265.00
BigBlock,Geth - Lighthouse,Median Spam Confirmed,Phase 2,265.00
BigBlock,Mainnet - Lighthouse,Median Spam Confirmed,Phase 2,265.00
BigBlock,Nethermind - Lighthouse,Median Spam Confirmed,Phase 2,265.00
BigBlock,Besu - Lighthouse,Median Spam Pending,Phase 1,27.00
BigBlock,Equalweight - Lighthouse,Median Spam Pending,Phase 1,38.00
BigBlock,Geth - Lighthouse,Median Spam Pending,Phase 1,0.0000
BigBlock,Mainnet - Lighthouse,Median Spam Pending,Phase 1,11.00
BigBlock,Nethermind - Lighthouse,Median Spam Pending,Phase 1,17.00
BigBlock,Besu - Lighthouse,Median Spam Pending,Phase 2,141.00
BigBlock,Equalweight - Lighthouse,Median Spam Pending,Phase 2,183.00
BigBlock,Geth - Lighthouse,Median Spam Pending,Phase 2,191.00
BigBlock,Mainnet - Lighthouse,Median Spam Pending,Phase 2,190.00
BigBlock,Nethermind - Lighthouse,Median Spam Pending,Phase 2,196.00
BigBlock,Besu - Lighthouse,Median Spam Submitted,Phase 1,151.00
BigBlock,Equalweight - Lighthouse,Median Spam Submitted,Phase 1,150.00
BigBlock,Geth - Lighthouse,Median Spam Submitted,Phase 1,0.0000
BigBlock,Mainnet - Lighthouse,Median Spam Submitted,Phase 1,150.00
BigBlock,Nethermind - Lighthouse,Median Spam Submitted,Phase 1,150.00
BigBlock,Besu - Lighthouse,Median Spam Submitted,Phase 2,271.00
BigBlock,Equalweight - Lighthouse,Median Spam Submitted,Phase 2,270.00
BigBlock,Geth - Lighthouse,Median Spam Submitted,Phase 2,270.00
BigBlock,Mainnet - Lighthouse,Median Spam Submitted,Phase 2,270.00
BigBlock,Nethermind - Lighthouse,Median Spam Submitted,Phase 2,269.00
BigBlock,Besu - Lighthouse,Min Block Gas Used %,Phase 1,0.0000
BigBlock,Equalweight - Lighthouse,Min Block Gas Used %,Phase 1,0.0000
BigBlock,Geth - Lighthouse,Min Block Gas Used %,Phase 1,0.0000
BigBlock,Mainnet - Lighthouse,Min Block Gas Used %,Phase 1,0.0000
BigBlock,Nethermind - Lighthouse,Min Block Gas Used %,Phase 1,0.0000
BigBlock,Besu - Lighthouse,Min Block Gas Used %,Phase 2,11.69
BigBlock,Equalweight - Lighthouse,Min Block Gas Used %,Phase 2,44.18
BigBlock,Geth - Lighthouse,Min Block Gas Used %,Phase 2,0.0000
BigBlock,Mainnet - Lighthouse,Min Block Gas Used %,Phase 2,43.38
BigBlock,Nethermind - Lighthouse,Min Block Gas Used %,Phase 2,60.66
BigBlock,Besu - Lighthouse,Min Block Size kB,Phase 1,0.6132
BigBlock,Equalweight - Lighthouse,Min Block Size kB,Phase 1,0.6191
BigBlock,Geth - Lighthouse,Min Block Size kB,Phase 1,0.6259
BigBlock,Mainnet - Lighthouse,Min Block Size kB,Phase 1,0.6191
BigBlock,Nethermind - Lighthouse,Min Block Size kB,Phase 1,0.6191
BigBlock,Besu - Lighthouse,Min Block Size kB,Phase 2,21.68
BigBlock,Equalweight - Lighthouse,Min Block Size kB,Phase 2,1804.14
BigBlock,Geth - Lighthouse,Min Block Size kB,Phase 2,0.6259
BigBlock,Mainnet - Lighthouse,Min Block Size kB,Phase 2,1621.19
BigBlock,Nethermind - Lighthouse,Min Block Size kB,Phase 2,2287.52
BigBlock,Besu - Lighthouse,Min CPU %,Phase 1,0.0000
BigBlock,Equalweight - Lighthouse,Min CPU %,Phase 1,0.0000
BigBlock,Geth - Lighthouse,Min CPU %,Phase 1,0.0000
BigBlock,Mainnet - Lighthouse,Min CPU %,Phase 1,0.0000
BigBlock,Nethermind - Lighthouse,Min CPU %,Phase 1,0.0000
BigBlock,Besu - Lighthouse,Min CPU %,Phase 2,29.00
BigBlock,Equalweight - Lighthouse,Min CPU %,Phase 2,14.00
BigBlock,Geth - Lighthouse,Min CPU %,Phase 2,9.00
BigBlock,Mainnet - Lighthouse,Min CPU %,Phase 2,15.00
BigBlock,Nethermind - Lighthouse,Min CPU %,Phase 2,20.00
BigBlock,Besu - Lighthouse,Min CPU % per node,Phase 1,0.0000
BigBlock,Equalweight - Lighthouse,Min CPU % per node,Phase 1,0.0000
BigBlock,Geth - Lighthouse,Min CPU % per node,Phase 1,0.0000
BigBlock,Mainnet - Lighthouse,Min CPU % per node,Phase 1,0.0000
BigBlock,Nethermind - Lighthouse,Min CPU % per node,Phase 1,0.0000
BigBlock,Besu - Lighthouse,Min CPU % per node,Phase 2,2.41
BigBlock,Equalweight - Lighthouse,Min CPU % per node,Phase 2,1.16
BigBlock,Geth - Lighthouse,Min CPU % per node,Phase 2,0.7500
BigBlock,Mainnet - Lighthouse,Min CPU % per node,Phase 2,1.25
BigBlock,Nethermind - Lighthouse,Min CPU % per node,Phase 2,1.66
BigBlock,Besu - Lighthouse,Min Gas Gwei,Phase 1,2.04
BigBlock,Equalweight - Lighthouse,Min Gas Gwei,Phase 1,2.03
BigBlock,Geth - Lighthouse,Min Gas Gwei,Phase 1,2.02
BigBlock,Mainnet - Lighthouse,Min Gas Gwei,Phase 1,2.03
BigBlock,Nethermind - Lighthouse,Min Gas Gwei,Phase 1,2.03
BigBlock,Besu - Lighthouse,Min Gas Gwei,Phase 2,2.03
BigBlock,Equalweight - Lighthouse,Min Gas Gwei,Phase 2,2.03
BigBlock,Geth - Lighthouse,Min Gas Gwei,Phase 2,2.02
BigBlock,Mainnet - Lighthouse,Min Gas Gwei,Phase 2,2.03
BigBlock,Nethermind - Lighthouse,Min Gas Gwei,Phase 2,2.03
BigBlock,Besu - Lighthouse,Min Latency ms,Phase 1,689.00
BigBlock,Equalweight - Lighthouse,Min Latency ms,Phase 1,223.00
BigBlock,Geth - Lighthouse,Min Latency ms,Phase 1,2131.00
BigBlock,Mainnet - Lighthouse,Min Latency ms,Phase 1,485.00
BigBlock,Nethermind - Lighthouse,Min Latency ms,Phase 1,485.00
BigBlock,Besu - Lighthouse,Min Latency ms,Phase 2,859.00
BigBlock,Equalweight - Lighthouse,Min Latency ms,Phase 2,1582.00
BigBlock,Geth - Lighthouse,Min Latency ms,Phase 2,2694.00
BigBlock,Mainnet - Lighthouse,Min Latency ms,Phase 2,1975.00
BigBlock,Nethermind - Lighthouse,Min Latency ms,Phase 2,1416.00
BigBlock,Besu - Lighthouse,Min Net RX MB/s,Phase 1,0.0292
BigBlock,Equalweight - Lighthouse,Min Net RX MB/s,Phase 1,0.0120
BigBlock,Geth - Lighthouse,Min Net RX MB/s,Phase 1,0.0163
BigBlock,Mainnet - Lighthouse,Min Net RX MB/s,Phase 1,0.0014
BigBlock,Nethermind - Lighthouse,Min Net RX MB/s,Phase 1,0.0063
BigBlock,Besu - Lighthouse,Min Net RX MB/s,Phase 2,8.09
BigBlock,Equalweight - Lighthouse,Min Net RX MB/s,Phase 2,8.00
BigBlock,Geth - Lighthouse,Min Net RX MB/s,Phase 2,8.05
BigBlock,Mainnet - Lighthouse,Min Net RX MB/s,Phase 2,8.15
BigBlock,Nethermind - Lighthouse,Min Net RX MB/s,Phase 2,8.14
BigBlock,Besu - Lighthouse,Min Net TX MB/s,Phase 1,0.1881
BigBlock,Equalweight - Lighthouse,Min Net TX MB/s,Phase 1,0.1184
BigBlock,Geth - Lighthouse,Min Net TX MB/s,Phase 1,0.1615
BigBlock,Mainnet - Lighthouse,Min Net TX MB/s,Phase 1,0.0101
BigBlock,Nethermind - Lighthouse,Min Net TX MB/s,Phase 1,0.0481
BigBlock,Besu - Lighthouse,Min Net TX MB/s,Phase 2,10.20
BigBlock,Equalweight - Lighthouse,Min Net TX MB/s,Phase 2,10.08
BigBlock,Geth - Lighthouse,Min Net TX MB/s,Phase 2,9.98
BigBlock,Mainnet - Lighthouse,Min Net TX MB/s,Phase 2,10.19
BigBlock,Nethermind - Lighthouse,Min Net TX MB/s,Phase 2,10.23
BigBlock,Besu - Lighthouse,Min RAM GB,Phase 1,6.39
BigBlock,Equalweight - Lighthouse,Min RAM GB,Phase 1,4.62
BigBlock,Geth - Lighthouse,Min RAM GB,Phase 1,0.8515
BigBlock,Mainnet - Lighthouse,Min RAM GB,Phase 1,4.08
BigBlock,Nethermind - Lighthouse,Min RAM GB,Phase 1,4.88
BigBlock,Besu - Lighthouse,Min RAM GB,Phase 2,9.20
BigBlock,Equalweight - Lighthouse,Min RAM GB,Phase 2,5.09
BigBlock,Geth - Lighthouse,Min RAM GB,Phase 2,1.76
BigBlock,Mainnet - Lighthouse,Min RAM GB,Phase 2,4.15
BigBlock,Nethermind - Lighthouse,Min RAM GB,Phase 2,5.16
BigBlock,Besu - Lighthouse,Min RAM GB per node,Phase 1,0.5329
BigBlock,Equalweight - Lighthouse,Min RAM GB per node,Phase 1,0.3852
BigBlock,Geth - Lighthouse,Min RAM GB per node,Phase 1,0.0709
BigBlock,Mainnet - Lighthouse,Min RAM GB per node,Phase 1,0.3402
BigBlock,Nethermind - Lighthouse,Min RAM GB per node,Phase 1,0.4069
BigBlock,Besu - Lighthouse,Min RAM GB per node,Phase 2,0.7667
BigBlock,Equalweight - Lighthouse,Min RAM GB per node,Phase 2,0.4244
BigBlock,Geth - Lighthouse,Min RAM GB per node,Phase 2,0.1468
BigBlock,Mainnet - Lighthouse,Min RAM GB per node,Phase 2,0.3460
BigBlock,Nethermind - Lighthouse,Min RAM GB per node,Phase 2,0.4306
BigBlock,Besu - Lighthouse,Min Spam Confirmed,Phase 1,0.0000
BigBlock,Equalweight - Lighthouse,Min Spam Confirmed,Phase 1,0.0000
BigBlock,Geth - Lighthouse,Min Spam Confirmed,Phase 1,0.0000
BigBlock,Mainnet - Lighthouse,Min Spam Confirmed,Phase 1,0.0000
BigBlock,Nethermind - Lighthouse,Min Spam Confirmed,Phase 1,0.0000
BigBlock,Besu - Lighthouse,Min Spam Confirmed,Phase 2,151.00
BigBlock,Equalweight - Lighthouse,Min Spam Confirmed,Phase 2,65.00
BigBlock,Geth - Lighthouse,Min Spam Confirmed,Phase 2,0.0000
BigBlock,Mainnet - Lighthouse,Min Spam Confirmed,Phase 2,108.00
BigBlock,Nethermind - Lighthouse,Min Spam Confirmed,Phase 2,146.00
BigBlock,Besu - Lighthouse,Min Spam Pending,Phase 1,0.0000
BigBlock,Equalweight - Lighthouse,Min Spam Pending,Phase 1,0.0000
BigBlock,Geth - Lighthouse,Min Spam Pending,Phase 1,0.0000
BigBlock,Mainnet - Lighthouse,Min Spam Pending,Phase 1,0.0000
BigBlock,Nethermind - Lighthouse,Min Spam Pending,Phase 1,0.0000
BigBlock,Besu - Lighthouse,Min Spam Pending,Phase 2,35.00
BigBlock,Equalweight - Lighthouse,Min Spam Pending,Phase 2,0.0000
BigBlock,Geth - Lighthouse,Min Spam Pending,Phase 2,0.0000
BigBlock,Mainnet - Lighthouse,Min Spam Pending,Phase 2,0.0000
BigBlock,Nethermind - Lighthouse,Min Spam Pending,Phase 2,0.0000
BigBlock,Besu - Lighthouse,Min Spam Submitted,Phase 1,0.0000
BigBlock,Equalweight - Lighthouse,Min Spam Submitted,Phase 1,0.0000
BigBlock,Geth - Lighthouse,Min Spam Submitted,Phase 1,0.0000
BigBlock,Mainnet - Lighthouse,Min Spam Submitted,Phase 1,0.0000
BigBlock,Nethermind - Lighthouse,Min Spam Submitted,Phase 1,0.0000
BigBlock,Besu - Lighthouse,Min Spam Submitted,Phase 2,152.00
BigBlock,Equalweight - Lighthouse,Min Spam Submitted,Phase 2,0.0000
BigBlock,Geth - Lighthouse,Min Spam Submitted,Phase 2,0.0000
BigBlock,Mainnet - Lighthouse,Min Spam Submitted,Phase 2,0.0000
BigBlock,Nethermind - Lighthouse,Min Spam Submitted,Phase 2,0.0000
BigBlock,Besu - Lighthouse,TPS,Phase 1,11.93
BigBlock,Equalweight - Lighthouse,TPS,Phase 1,11.46
BigBlock,Geth - Lighthouse,TPS,Phase 1,5.96
BigBlock,Mainnet - Lighthouse,TPS,Phase 1,9.76
BigBlock,Nethermind - Lighthouse,TPS,Phase 1,11.09
BigBlock,Besu - Lighthouse,TPS,Phase 2,22.40
BigBlock,Equalweight - Lighthouse,TPS,Phase 2,22.25
BigBlock,Geth - Lighthouse,TPS,Phase 2,21.77
BigBlock,Mainnet - Lighthouse,TPS,Phase 2,22.20
BigBlock,Nethermind - Lighthouse,TPS,Phase 2,22.39
BigBlock,Besu - Lighthouse,TX Count,Phase 1,4298.00
BigBlock,Equalweight - Lighthouse,TX Count,Phase 1,4126.00
BigBlock,Geth - Lighthouse,TX Count,Phase 1,2149.00
BigBlock,Mainnet - Lighthouse,TX Count,Phase 1,3517.00
BigBlock,Nethermind - Lighthouse,TX Count,Phase 1,3994.00
BigBlock,Besu - Lighthouse,TX Count,Phase 2,8603.00
BigBlock,Equalweight - Lighthouse,TX Count,Phase 2,8546.00
BigBlock,Geth - Lighthouse,TX Count,Phase 2,8360.00
BigBlock,Mainnet - Lighthouse,TX Count,Phase 2,8526.00
BigBlock,Nethermind - Lighthouse,TX Count,Phase 2,8601.00
BigBlock,Besu - Lighthouse,Total Gas Used,Phase 1,157590261.00
BigBlock,Equalweight - Lighthouse,Total Gas Used,Phase 1,152073625.00
BigBlock,Geth - Lighthouse,Total Gas Used,Phase 1,84421945.00
BigBlock,Mainnet - Lighthouse,Total Gas Used,Phase 1,131212905.00
BigBlock,Nethermind - Lighthouse,Total Gas Used,Phase 1,147454096.00
BigBlock,Besu - Lighthouse,Total Gas Used,Phase 2,1438718496.00
BigBlock,Equalweight - Lighthouse,Total Gas Used,Phase 2,1452487923.00
BigBlock,Geth - Lighthouse,Total Gas Used,Phase 2,1413616250.00
BigBlock,Mainnet - Lighthouse,Total Gas Used,Phase 2,1453648041.00
BigBlock,Nethermind - Lighthouse,Total Gas Used,Phase 2,1464573741.00
BigBlock,Besu - Lighthouse,Total Spam Submitted,Phase 1,4323.00
BigBlock,Equalweight - Lighthouse,Total Spam Submitted,Phase 1,4164.00
BigBlock,Geth - Lighthouse,Total Spam Submitted,Phase 1,2208.00
BigBlock,Mainnet - Lighthouse,Total Spam Submitted,Phase 1,3525.00
BigBlock,Nethermind - Lighthouse,Total Spam Submitted,Phase 1,4014.00
BigBlock,Besu - Lighthouse,Total Spam Submitted,Phase 2,8635.00
BigBlock,Equalweight - Lighthouse,Total Spam Submitted,Phase 2,8507.00
BigBlock,Geth - Lighthouse,Total Spam Submitted,Phase 2,8300.00
BigBlock,Mainnet - Lighthouse,Total Spam Submitted,Phase 2,8516.00
BigBlock,Nethermind - Lighthouse,Total Spam Submitted,Phase 2,8577.00
BigBlock,Besu - Lighthouse,Total Spam Submitted (1-64),1-64,12958.00
BigBlock,Equalweight - Lighthouse,Total Spam Submitted (1-64),1-64,12671.00
BigBlock,Geth - Lighthouse,Total Spam Submitted (1-64),1-64,10508.00
BigBlock,Mainnet - Lighthouse,Total Spam Submitted (1-64),1-64,12041.00
BigBlock,Nethermind - Lighthouse,Total Spam Submitted (1-64),1-64,12591.00
BigBlock,Besu - Lighthouse,Total TX Count (1-64),1-64,12901.00
BigBlock,Equalweight - Lighthouse,Total TX Count (1-64),1-64,12672.00
BigBlock,Geth - Lighthouse,Total TX Count (1-64),1-64,10509.00
BigBlock,Mainnet - Lighthouse,Total TX Count (1-64),1-64,12043.00
BigBlock,Nethermind - Lighthouse,Total TX Count (1-64),1-64,12595.00
HighCompute,Besu - Lighthouse,Avg Block Gas Used %,Phase 1,11.27
HighCompute,Equalweight - Lighthouse,Avg Block Gas Used %,Phase 1,10.84
HighCompute,Geth - Lighthouse,Avg Block Gas Used %,Phase 1,10.84
HighCompute,Mainnet - Lighthouse,Avg Block Gas Used %,Phase 1,8.60
HighCompute,Nethermind - Lighthouse,Avg Block Gas Used %,Phase 1,10.04
HighCompute,Besu - Lighthouse,Avg Block Gas Used %,Phase 2,82.36
HighCompute,Equalweight - Lighthouse,Avg Block Gas Used %,Phase 2,83.12
HighCompute,Geth - Lighthouse,Avg Block Gas Used %,Phase 2,91.33
HighCompute,Mainnet - Lighthouse,Avg Block Gas Used %,Phase 2,88.65
HighCompute,Nethermind - Lighthouse,Avg Block Gas Used %,Phase 2,91.47
HighCompute,Besu - Lighthouse,Avg Block Size kB,Phase 1,19.97
HighCompute,Equalweight - Lighthouse,Avg Block Size kB,Phase 1,19.21
HighCompute,Geth - Lighthouse,Avg Block Size kB,Phase 1,19.20
HighCompute,Mainnet - Lighthouse,Avg Block Size kB,Phase 1,15.16
HighCompute,Nethermind - Lighthouse,Avg Block Size kB,Phase 1,17.64
HighCompute,Besu - Lighthouse,Avg Block Size kB,Phase 2,19.26
HighCompute,Equalweight - Lighthouse,Avg Block Size kB,Phase 2,20.28
HighCompute,Geth - Lighthouse,Avg Block Size kB,Phase 2,13.61
HighCompute,Mainnet - Lighthouse,Avg Block Size kB,Phase 2,14.24
HighCompute,Nethermind - Lighthouse,Avg Block Size kB,Phase 2,13.95
HighCompute,Besu - Lighthouse,Avg CPU %,Phase 1,151.56
HighCompute,Equalweight - Lighthouse,Avg CPU %,Phase 1,72.24
HighCompute,Geth - Lighthouse,Avg CPU %,Phase 1,28.02
HighCompute,Mainnet - Lighthouse,Avg CPU %,Phase 1,49.21
HighCompute,Nethermind - Lighthouse,Avg CPU %,Phase 1,62.98
HighCompute,Besu - Lighthouse,Avg CPU %,Phase 2,251.39
HighCompute,Equalweight - Lighthouse,Avg CPU %,Phase 2,144.82
HighCompute,Geth - Lighthouse,Avg CPU %,Phase 2,119.18
HighCompute,Mainnet - Lighthouse,Avg CPU %,Phase 2,118.53
HighCompute,Nethermind - Lighthouse,Avg CPU %,Phase 2,83.57
HighCompute,Besu - Lighthouse,Avg CPU % per node,Phase 1,12.63
HighCompute,Equalweight - Lighthouse,Avg CPU % per node,Phase 1,6.02
HighCompute,Geth - Lighthouse,Avg CPU % per node,Phase 1,2.33
HighCompute,Mainnet - Lighthouse,Avg CPU % per node,Phase 1,4.10
HighCompute,Nethermind - Lighthouse,Avg CPU % per node,Phase 1,5.24
HighCompute,Besu - Lighthouse,Avg CPU % per node,Phase 2,20.94
HighCompute,Equalweight - Lighthouse,Avg CPU % per node,Phase 2,12.06
HighCompute,Geth - Lighthouse,Avg CPU % per node,Phase 2,9.93
HighCompute,Mainnet - Lighthouse,Avg CPU % per node,Phase 2,9.87
HighCompute,Nethermind - Lighthouse,Avg CPU % per node,Phase 2,6.96
HighCompute,Besu - Lighthouse,Avg Gas Gwei,Phase 1,2.46
HighCompute,Equalweight - Lighthouse,Avg Gas Gwei,Phase 1,2.22
HighCompute,Geth - Lighthouse,Avg Gas Gwei,Phase 1,2.22
HighCompute,Mainnet - Lighthouse,Avg Gas Gwei,Phase 1,2.14
HighCompute,Nethermind - Lighthouse,Avg Gas Gwei,Phase 1,2.42
HighCompute,Besu - Lighthouse,Avg Gas Gwei,Phase 2,2.18
HighCompute,Equalweight - Lighthouse,Avg Gas Gwei,Phase 2,2.16
HighCompute,Geth - Lighthouse,Avg Gas Gwei,Phase 2,2.24
HighCompute,Mainnet - Lighthouse,Avg Gas Gwei,Phase 2,2.16
HighCompute,Nethermind - Lighthouse,Avg Gas Gwei,Phase 2,2.25
HighCompute,Besu - Lighthouse,Avg Latency ms,Phase 1,6878.18
HighCompute,Equalweight - Lighthouse,Avg Latency ms,Phase 1,7466.86
HighCompute,Geth - Lighthouse,Avg Latency ms,Phase 1,8130.69
HighCompute,Mainnet - Lighthouse,Avg Latency ms,Phase 1,7349.68
HighCompute,Nethermind - Lighthouse,Avg Latency ms,Phase 1,6440.80
HighCompute,Besu - Lighthouse,Avg Latency ms,Phase 2,38100.00
HighCompute,Equalweight - Lighthouse,Avg Latency ms,Phase 2,29433.85
HighCompute,Geth - Lighthouse,Avg Latency ms,Phase 2,68040.64
HighCompute,Mainnet - Lighthouse,Avg Latency ms,Phase 2,52908.53
HighCompute,Nethermind - Lighthouse,Avg Latency ms,Phase 2,68008.24
HighCompute,Besu - Lighthouse,Avg Net RX MB/s,Phase 1,4.47
HighCompute,Equalweight - Lighthouse,Avg Net RX MB/s,Phase 1,4.35
HighCompute,Geth - Lighthouse,Avg Net RX MB/s,Phase 1,4.19
HighCompute,Mainnet - Lighthouse,Avg Net RX MB/s,Phase 1,4.15
HighCompute,Nethermind - Lighthouse,Avg Net RX MB/s,Phase 1,4.12
HighCompute,Besu - Lighthouse,Avg Net RX MB/s,Phase 2,7.99
HighCompute,Equalweight - Lighthouse,Avg Net RX MB/s,Phase 2,8.02
HighCompute,Geth - Lighthouse,Avg Net RX MB/s,Phase 2,7.90
HighCompute,Mainnet - Lighthouse,Avg Net RX MB/s,Phase 2,8.26
HighCompute,Nethermind - Lighthouse,Avg Net RX MB/s,Phase 2,7.99
HighCompute,Besu - Lighthouse,Avg Net TX MB/s,Phase 1,5.63
HighCompute,Equalweight - Lighthouse,Avg Net TX MB/s,Phase 1,5.51
HighCompute,Geth - Lighthouse,Avg Net TX MB/s,Phase 1,5.34
HighCompute,Mainnet - Lighthouse,Avg Net TX MB/s,Phase 1,5.19
HighCompute,Nethermind - Lighthouse,Avg Net TX MB/s,Phase 1,5.19
HighCompute,Besu - Lighthouse,Avg Net TX MB/s,Phase 2,10.31
HighCompute,Equalweight - Lighthouse,Avg Net TX MB/s,Phase 2,10.32
HighCompute,Geth - Lighthouse,Avg Net TX MB/s,Phase 2,10.17
HighCompute,Mainnet - Lighthouse,Avg Net TX MB/s,Phase 2,10.52
HighCompute,Nethermind - Lighthouse,Avg Net TX MB/s,Phase 2,10.27
HighCompute,Besu - Lighthouse,Avg RAM GB,Phase 1,8.20
HighCompute,Equalweight - Lighthouse,Avg RAM GB,Phase 1,5.48
HighCompute,Geth - Lighthouse,Avg RAM GB,Phase 1,1.51
HighCompute,Mainnet - Lighthouse,Avg RAM GB,Phase 1,4.56
HighCompute,Nethermind - Lighthouse,Avg RAM GB,Phase 1,6.75
HighCompute,Besu - Lighthouse,Avg RAM GB,Phase 2,20.19
HighCompute,Equalweight - Lighthouse,Avg RAM GB,Phase 2,7.67
HighCompute,Geth - Lighthouse,Avg RAM GB,Phase 2,2.18
HighCompute,Mainnet - Lighthouse,Avg RAM GB,Phase 2,5.39
HighCompute,Nethermind - Lighthouse,Avg RAM GB,Phase 2,5.33
HighCompute,Besu - Lighthouse,Avg RAM GB per node,Phase 1,0.6835
HighCompute,Equalweight - Lighthouse,Avg RAM GB per node,Phase 1,0.4572
HighCompute,Geth - Lighthouse,Avg RAM GB per node,Phase 1,0.1265
HighCompute,Mainnet - Lighthouse,Avg RAM GB per node,Phase 1,0.3807
HighCompute,Nethermind - Lighthouse,Avg RAM GB per node,Phase 1,0.5628
HighCompute,Besu - Lighthouse,Avg RAM GB per node,Phase 2,1.68
HighCompute,Equalweight - Lighthouse,Avg RAM GB per node,Phase 2,0.6393
HighCompute,Geth - Lighthouse,Avg RAM GB per node,Phase 2,0.1823
HighCompute,Mainnet - Lighthouse,Avg RAM GB per node,Phase 2,0.4499
HighCompute,Nethermind - Lighthouse,Avg RAM GB per node,Phase 2,0.4442
HighCompute,Besu - Lighthouse,Avg Spam Confirmed,Phase 1,138.06
HighCompute,Equalweight - Lighthouse,Avg Spam Confirmed,Phase 1,132.45
HighCompute,Geth - Lighthouse,Avg Spam Confirmed,Phase 1,132.35
HighCompute,Mainnet - Lighthouse,Avg Spam Confirmed,Phase 1,103.00
HighCompute,Nethermind - Lighthouse,Avg Spam Confirmed,Phase 1,120.58
HighCompute,Besu - Lighthouse,Avg Spam Confirmed,Phase 2,132.90
HighCompute,Equalweight - Lighthouse,Avg Spam Confirmed,Phase 2,138.72
HighCompute,Geth - Lighthouse,Avg Spam Confirmed,Phase 2,91.81
HighCompute,Mainnet - Lighthouse,Avg Spam Confirmed,Phase 2,96.42
HighCompute,Nethermind - Lighthouse,Avg Spam Confirmed,Phase 2,94.81
HighCompute,Besu - Lighthouse,Avg Spam Pending,Phase 1,29.19
HighCompute,Equalweight - Lighthouse,Avg Spam Pending,Phase 1,40.06
HighCompute,Geth - Lighthouse,Avg Spam Pending,Phase 1,47.80
HighCompute,Mainnet - Lighthouse,Avg Spam Pending,Phase 1,25.54
HighCompute,Nethermind - Lighthouse,Avg Spam Pending,Phase 1,16.12
HighCompute,Besu - Lighthouse,Avg Spam Pending,Phase 2,374.03
HighCompute,Equalweight - Lighthouse,Avg Spam Pending,Phase 2,300.69
HighCompute,Geth - Lighthouse,Avg Spam Pending,Phase 2,524.15
HighCompute,Mainnet - Lighthouse,Avg Spam Pending,Phase 2,471.93
HighCompute,Nethermind - Lighthouse,Avg Spam Pending,Phase 2,526.81
HighCompute,Besu - Lighthouse,Avg Spam Submitted,Phase 1,139.32
HighCompute,Equalweight - Lighthouse,Avg Spam Submitted,Phase 1,134.32
HighCompute,Geth - Lighthouse,Avg Spam Submitted,Phase 1,134.22
HighCompute,Mainnet - Lighthouse,Avg Spam Submitted,Phase 1,104.03
HighCompute,Nethermind - Lighthouse,Avg Spam Submitted,Phase 1,121.41
HighCompute,Besu - Lighthouse,Avg Spam Submitted,Phase 2,132.03
HighCompute,Equalweight - Lighthouse,Avg Spam Submitted,Phase 2,137.24
HighCompute,Geth - Lighthouse,Avg Spam Submitted,Phase 2,99.06
HighCompute,Mainnet - Lighthouse,Avg Spam Submitted,Phase 2,116.39
HighCompute,Nethermind - Lighthouse,Avg Spam Submitted,Phase 2,103.21
HighCompute,Besu - Lighthouse,Max Block Gas Used %,Phase 1,23.76
HighCompute,Equalweight - Lighthouse,Max Block Gas Used %,Phase 1,23.76
HighCompute,Geth - Lighthouse,Max Block Gas Used %,Phase 1,23.76
HighCompute,Mainnet - Lighthouse,Max Block Gas Used %,Phase 1,23.76
HighCompute,Nethermind - Lighthouse,Max Block Gas Used %,Phase 1,13.07
HighCompute,Besu - Lighthouse,Max Block Gas Used %,Phase 2,100.00
HighCompute,Equalweight - Lighthouse,Max Block Gas Used %,Phase 2,100.00
HighCompute,Geth - Lighthouse,Max Block Gas Used %,Phase 2,100.00
HighCompute,Mainnet - Lighthouse,Max Block Gas Used %,Phase 2,100.00
HighCompute,Nethermind - Lighthouse,Max Block Gas Used %,Phase 2,100.00
HighCompute,Besu - Lighthouse,Max Block Size kB,Phase 1,22.00
HighCompute,Equalweight - Lighthouse,Max Block Size kB,Phase 1,24.10
HighCompute,Geth - Lighthouse,Max Block Size kB,Phase 1,21.89
HighCompute,Mainnet - Lighthouse,Max Block Size kB,Phase 1,24.10
HighCompute,Nethermind - Lighthouse,Max Block Size kB,Phase 1,22.00
HighCompute,Besu - Lighthouse,Max Block Size kB,Phase 2,129.48
HighCompute,Equalweight - Lighthouse,Max Block Size kB,Phase 2,106.48
HighCompute,Geth - Lighthouse,Max Block Size kB,Phase 2,129.49
HighCompute,Mainnet - Lighthouse,Max Block Size kB,Phase 2,129.49
HighCompute,Nethermind - Lighthouse,Max Block Size kB,Phase 2,129.50
HighCompute,Besu - Lighthouse,Max CPU %,Phase 1,1482.00
HighCompute,Equalweight - Lighthouse,Max CPU %,Phase 1,502.00
HighCompute,Geth - Lighthouse,Max CPU %,Phase 1,178.00
HighCompute,Mainnet - Lighthouse,Max CPU %,Phase 1,306.00
HighCompute,Nethermind - Lighthouse,Max CPU %,Phase 1,483.00
HighCompute,Besu - Lighthouse,Max CPU %,Phase 2,1858.00
HighCompute,Equalweight - Lighthouse,Max CPU %,Phase 2,1196.00
HighCompute,Geth - Lighthouse,Max CPU %,Phase 2,1394.00
HighCompute,Mainnet - Lighthouse,Max CPU %,Phase 2,973.00
HighCompute,Nethermind - Lighthouse,Max CPU %,Phase 2,535.00
HighCompute,Besu - Lighthouse,Max CPU % per node,Phase 1,123.50
HighCompute,Equalweight - Lighthouse,Max CPU % per node,Phase 1,41.83
HighCompute,Geth - Lighthouse,Max CPU % per node,Phase 1,14.83
HighCompute,Mainnet - Lighthouse,Max CPU % per node,Phase 1,25.50
HighCompute,Nethermind - Lighthouse,Max CPU % per node,Phase 1,40.25
HighCompute,Besu - Lighthouse,Max CPU % per node,Phase 2,154.83
HighCompute,Equalweight - Lighthouse,Max CPU % per node,Phase 2,99.66
HighCompute,Geth - Lighthouse,Max CPU % per node,Phase 2,116.16
HighCompute,Mainnet - Lighthouse,Max CPU % per node,Phase 2,81.08
HighCompute,Nethermind - Lighthouse,Max CPU % per node,Phase 2,44.58
HighCompute,Besu - Lighthouse,Max Gas Gwei,Phase 1,200.76
HighCompute,Equalweight - Lighthouse,Max Gas Gwei,Phase 1,100.04
HighCompute,Geth - Lighthouse,Max Gas Gwei,Phase 1,100.04
HighCompute,Mainnet - Lighthouse,Max Gas Gwei,Phase 1,100.03
HighCompute,Nethermind - Lighthouse,Max Gas Gwei,Phase 1,200.76
HighCompute,Besu - Lighthouse,Max Gas Gwei,Phase 2,2.42
HighCompute,Equalweight - Lighthouse,Max Gas Gwei,Phase 2,2.40
HighCompute,Geth - Lighthouse,Max Gas Gwei,Phase 2,2.78
HighCompute,Mainnet - Lighthouse,Max Gas Gwei,Phase 2,2.51
HighCompute,Nethermind - Lighthouse,Max Gas Gwei,Phase 2,2.73
HighCompute,Besu - Lighthouse,Max Latency ms,Phase 1,26858.00
HighCompute,Equalweight - Lighthouse,Max Latency ms,Phase 1,14200.00
HighCompute,Geth - Lighthouse,Max Latency ms,Phase 1,14356.00
HighCompute,Mainnet - Lighthouse,Max Latency ms,Phase 1,14204.00
HighCompute,Nethermind - Lighthouse,Max Latency ms,Phase 1,71999.00
HighCompute,Besu - Lighthouse,Max Latency ms,Phase 2,320207.00
HighCompute,Equalweight - Lighthouse,Max Latency ms,Phase 2,213965.00
HighCompute,Geth - Lighthouse,Max Latency ms,Phase 2,134209.00
HighCompute,Mainnet - Lighthouse,Max Latency ms,Phase 2,179794.00
HighCompute,Nethermind - Lighthouse,Max Latency ms,Phase 2,132458.00
HighCompute,Besu - Lighthouse,Max Net RX MB/s,Phase 1,7.94
HighCompute,Equalweight - Lighthouse,Max Net RX MB/s,Phase 1,7.97
HighCompute,Geth - Lighthouse,Max Net RX MB/s,Phase 1,7.85
HighCompute,Mainnet - Lighthouse,Max Net RX MB/s,Phase 1,8.16
HighCompute,Nethermind - Lighthouse,Max Net RX MB/s,Phase 1,8.04
HighCompute,Besu - Lighthouse,Max Net RX MB/s,Phase 2,8.09
HighCompute,Equalweight - Lighthouse,Max Net RX MB/s,Phase 2,8.09
HighCompute,Geth - Lighthouse,Max Net RX MB/s,Phase 2,7.97
HighCompute,Mainnet - Lighthouse,Max Net RX MB/s,Phase 2,8.34
HighCompute,Nethermind - Lighthouse,Max Net RX MB/s,Phase 2,8.12
HighCompute,Besu - Lighthouse,Max Net TX MB/s,Phase 1,10.00
HighCompute,Equalweight - Lighthouse,Max Net TX MB/s,Phase 1,9.98
HighCompute,Geth - Lighthouse,Max Net TX MB/s,Phase 1,9.90
HighCompute,Mainnet - Lighthouse,Max Net TX MB/s,Phase 1,10.14
HighCompute,Nethermind - Lighthouse,Max Net TX MB/s,Phase 1,10.06
HighCompute,Besu - Lighthouse,Max Net TX MB/s,Phase 2,10.53
HighCompute,Equalweight - Lighthouse,Max Net TX MB/s,Phase 2,10.50
HighCompute,Geth - Lighthouse,Max Net TX MB/s,Phase 2,10.37
HighCompute,Mainnet - Lighthouse,Max Net TX MB/s,Phase 2,10.67
HighCompute,Nethermind - Lighthouse,Max Net TX MB/s,Phase 2,10.40
HighCompute,Besu - Lighthouse,Max RAM GB,Phase 1,9.90
HighCompute,Equalweight - Lighthouse,Max RAM GB,Phase 1,5.93
HighCompute,Geth - Lighthouse,Max RAM GB,Phase 1,1.95
HighCompute,Mainnet - Lighthouse,Max RAM GB,Phase 1,5.03
HighCompute,Nethermind - Lighthouse,Max RAM GB,Phase 1,7.50
HighCompute,Besu - Lighthouse,Max RAM GB,Phase 2,22.31
HighCompute,Equalweight - Lighthouse,Max RAM GB,Phase 2,8.41
HighCompute,Geth - Lighthouse,Max RAM GB,Phase 2,2.37
HighCompute,Mainnet - Lighthouse,Max RAM GB,Phase 2,5.96
HighCompute,Nethermind - Lighthouse,Max RAM GB,Phase 2,5.55
HighCompute,Besu - Lighthouse,Max RAM GB per node,Phase 1,0.8257
HighCompute,Equalweight - Lighthouse,Max RAM GB per node,Phase 1,0.4941
HighCompute,Geth - Lighthouse,Max RAM GB per node,Phase 1,0.1629
HighCompute,Mainnet - Lighthouse,Max RAM GB per node,Phase 1,0.4194
HighCompute,Nethermind - Lighthouse,Max RAM GB per node,Phase 1,0.6250
HighCompute,Besu - Lighthouse,Max RAM GB per node,Phase 2,1.85
HighCompute,Equalweight - Lighthouse,Max RAM GB per node,Phase 2,0.7015
HighCompute,Geth - Lighthouse,Max RAM GB per node,Phase 2,0.1981
HighCompute,Mainnet - Lighthouse,Max RAM GB per node,Phase 2,0.4974
HighCompute,Nethermind - Lighthouse,Max RAM GB per node,Phase 2,0.4626
HighCompute,Besu - Lighthouse,Max Spam Confirmed,Phase 1,150.00
HighCompute,Equalweight - Lighthouse,Max Spam Confirmed,Phase 1,171.00
HighCompute,Geth - Lighthouse,Max Spam Confirmed,Phase 1,151.00
HighCompute,Mainnet - Lighthouse,Max Spam Confirmed,Phase 1,171.00
HighCompute,Nethermind - Lighthouse,Max Spam Confirmed,Phase 1,150.00
HighCompute,Besu - Lighthouse,Max Spam Confirmed,Phase 2,1000.00
HighCompute,Equalweight - Lighthouse,Max Spam Confirmed,Phase 2,802.00
HighCompute,Geth - Lighthouse,Max Spam Confirmed,Phase 2,1000.00
HighCompute,Mainnet - Lighthouse,Max Spam Confirmed,Phase 2,1000.00
HighCompute,Nethermind - Lighthouse,Max Spam Confirmed,Phase 2,1000.00
HighCompute,Besu - Lighthouse,Max Spam Pending,Phase 1,39.00
HighCompute,Equalweight - Lighthouse,Max Spam Pending,Phase 1,58.00
HighCompute,Geth - Lighthouse,Max Spam Pending,Phase 1,59.00
HighCompute,Mainnet - Lighthouse,Max Spam Pending,Phase 1,64.00
HighCompute,Nethermind - Lighthouse,Max Spam Pending,Phase 1,26.00
HighCompute,Besu - Lighthouse,Max Spam Pending,Phase 2,1009.00
HighCompute,Equalweight - Lighthouse,Max Spam Pending,Phase 2,736.00
HighCompute,Geth - Lighthouse,Max Spam Pending,Phase 2,1009.00
HighCompute,Mainnet - Lighthouse,Max Spam Pending,Phase 2,1009.00
HighCompute,Nethermind - Lighthouse,Max Spam Pending,Phase 2,1009.00
HighCompute,Besu - Lighthouse,Max Spam Submitted,Phase 1,152.00
HighCompute,Equalweight - Lighthouse,Max Spam Submitted,Phase 1,152.00
HighCompute,Geth - Lighthouse,Max Spam Submitted,Phase 1,151.00
HighCompute,Mainnet - Lighthouse,Max Spam Submitted,Phase 1,152.00
HighCompute,Nethermind - Lighthouse,Max Spam Submitted,Phase 1,152.00
HighCompute,Besu - Lighthouse,Max Spam Submitted,Phase 2,189.00
HighCompute,Equalweight - Lighthouse,Max Spam Submitted,Phase 2,187.00
HighCompute,Geth - Lighthouse,Max Spam Submitted,Phase 2,155.00
HighCompute,Mainnet - Lighthouse,Max Spam Submitted,Phase 2,155.00
HighCompute,Nethermind - Lighthouse,Max Spam Submitted,Phase 2,155.00
HighCompute,Besu - Lighthouse,Median Block Gas Used %,Phase 1,11.40
HighCompute,Equalweight - Lighthouse,Median Block Gas Used %,Phase 1,11.40
HighCompute,Geth - Lighthouse,Median Block Gas Used %,Phase 1,11.40
HighCompute,Mainnet - Lighthouse,Median Block Gas Used %,Phase 1,11.27
HighCompute,Nethermind - Lighthouse,Median Block Gas Used %,Phase 1,11.40
HighCompute,Besu - Lighthouse,Median Block Gas Used %,Phase 2,100.00
HighCompute,Equalweight - Lighthouse,Median Block Gas Used %,Phase 2,100.00
HighCompute,Geth - Lighthouse,Median Block Gas Used %,Phase 2,100.00
HighCompute,Mainnet - Lighthouse,Median Block Gas Used %,Phase 2,100.00
HighCompute,Nethermind - Lighthouse,Median Block Gas Used %,Phase 2,100.00
HighCompute,Besu - Lighthouse,Median Block Size kB,Phase 1,21.21
HighCompute,Equalweight - Lighthouse,Median Block Size kB,Phase 1,21.11
HighCompute,Geth - Lighthouse,Median Block Size kB,Phase 1,21.23
HighCompute,Mainnet - Lighthouse,Median Block Size kB,Phase 1,20.80
HighCompute,Nethermind - Lighthouse,Median Block Size kB,Phase 1,21.22
HighCompute,Besu - Lighthouse,Median Block Size kB,Phase 2,0.7314
HighCompute,Equalweight - Lighthouse,Median Block Size kB,Phase 2,0.7441
HighCompute,Geth - Lighthouse,Median Block Size kB,Phase 2,0.7441
HighCompute,Mainnet - Lighthouse,Median Block Size kB,Phase 2,0.7441
HighCompute,Nethermind - Lighthouse,Median Block Size kB,Phase 2,0.7373
HighCompute,Besu - Lighthouse,Median CPU %,Phase 1,91.50
HighCompute,Equalweight - Lighthouse,Median CPU %,Phase 1,50.00
HighCompute,Geth - Lighthouse,Median CPU %,Phase 1,26.00
HighCompute,Mainnet - Lighthouse,Median CPU %,Phase 1,38.00
HighCompute,Nethermind - Lighthouse,Median CPU %,Phase 1,47.00
HighCompute,Besu - Lighthouse,Median CPU %,Phase 2,91.00
HighCompute,Equalweight - Lighthouse,Median CPU %,Phase 2,50.00
HighCompute,Geth - Lighthouse,Median CPU %,Phase 2,26.00
HighCompute,Mainnet - Lighthouse,Median CPU %,Phase 2,37.00
HighCompute,Nethermind - Lighthouse,Median CPU %,Phase 2,46.00
HighCompute,Besu - Lighthouse,Median CPU % per node,Phase 1,7.62
HighCompute,Equalweight - Lighthouse,Median CPU % per node,Phase 1,4.16
HighCompute,Geth - Lighthouse,Median CPU % per node,Phase 1,2.16
HighCompute,Mainnet - Lighthouse,Median CPU % per node,Phase 1,3.16
HighCompute,Nethermind - Lighthouse,Median CPU % per node,Phase 1,3.91
HighCompute,Besu - Lighthouse,Median CPU % per node,Phase 2,7.58
HighCompute,Equalweight - Lighthouse,Median CPU % per node,Phase 2,4.16
HighCompute,Geth - Lighthouse,Median CPU % per node,Phase 2,2.16
HighCompute,Mainnet - Lighthouse,Median CPU % per node,Phase 2,3.08
HighCompute,Nethermind - Lighthouse,Median CPU % per node,Phase 2,3.83
HighCompute,Besu - Lighthouse,Median Gas Gwei,Phase 1,2.16
HighCompute,Equalweight - Lighthouse,Median Gas Gwei,Phase 1,2.14
HighCompute,Geth - Lighthouse,Median Gas Gwei,Phase 1,2.14
HighCompute,Mainnet - Lighthouse,Median Gas Gwei,Phase 1,2.08
HighCompute,Nethermind - Lighthouse,Median Gas Gwei,Phase 1,2.12
HighCompute,Besu - Lighthouse,Median Gas Gwei,Phase 2,2.13
HighCompute,Equalweight - Lighthouse,Median Gas Gwei,Phase 2,2.11
HighCompute,Geth - Lighthouse,Median Gas Gwei,Phase 2,2.15
HighCompute,Mainnet - Lighthouse,Median Gas Gwei,Phase 2,2.14
HighCompute,Nethermind - Lighthouse,Median Gas Gwei,Phase 2,2.16
HighCompute,Besu - Lighthouse,Median Latency ms,Phase 1,6872.00
HighCompute,Equalweight - Lighthouse,Median Latency ms,Phase 1,7449.00
HighCompute,Geth - Lighthouse,Median Latency ms,Phase 1,8115.00
HighCompute,Mainnet - Lighthouse,Median Latency ms,Phase 1,7295.50
HighCompute,Nethermind - Lighthouse,Median Latency ms,Phase 1,6380.00
HighCompute,Besu - Lighthouse,Median Latency ms,Phase 2,31790.00
HighCompute,Equalweight - Lighthouse,Median Latency ms,Phase 2,28157.50
HighCompute,Geth - Lighthouse,Median Latency ms,Phase 2,66541.50
HighCompute,Mainnet - Lighthouse,Median Latency ms,Phase 2,50746.50
HighCompute,Nethermind - Lighthouse,Median Latency ms,Phase 2,67049.00
HighCompute,Besu - Lighthouse,Median Net RX MB/s,Phase 1,4.56
HighCompute,Equalweight - Lighthouse,Median Net RX MB/s,Phase 1,4.43
HighCompute,Geth - Lighthouse,Median Net RX MB/s,Phase 1,4.26
HighCompute,Mainnet - Lighthouse,Median Net RX MB/s,Phase 1,4.12
HighCompute,Nethermind - Lighthouse,Median Net RX MB/s,Phase 1,4.18
HighCompute,Besu - Lighthouse,Median Net RX MB/s,Phase 2,8.00
HighCompute,Equalweight - Lighthouse,Median Net RX MB/s,Phase 2,8.03
HighCompute,Geth - Lighthouse,Median Net RX MB/s,Phase 2,7.90
HighCompute,Mainnet - Lighthouse,Median Net RX MB/s,Phase 2,8.26
HighCompute,Nethermind - Lighthouse,Median Net RX MB/s,Phase 2,8.01
HighCompute,Besu - Lighthouse,Median Net TX MB/s,Phase 1,5.73
HighCompute,Equalweight - Lighthouse,Median Net TX MB/s,Phase 1,5.59
HighCompute,Geth - Lighthouse,Median Net TX MB/s,Phase 1,5.41
HighCompute,Mainnet - Lighthouse,Median Net TX MB/s,Phase 1,5.16
HighCompute,Nethermind - Lighthouse,Median Net TX MB/s,Phase 1,5.23
HighCompute,Besu - Lighthouse,Median Net TX MB/s,Phase 2,10.32
HighCompute,Equalweight - Lighthouse,Median Net TX MB/s,Phase 2,10.35
HighCompute,Geth - Lighthouse,Median Net TX MB/s,Phase 2,10.18
HighCompute,Mainnet - Lighthouse,Median Net TX MB/s,Phase 2,10.52
HighCompute,Nethermind - Lighthouse,Median Net TX MB/s,Phase 2,10.29
HighCompute,Besu - Lighthouse,Median RAM GB,Phase 1,8.38
HighCompute,Equalweight - Lighthouse,Median RAM GB,Phase 1,5.66
HighCompute,Geth - Lighthouse,Median RAM GB,Phase 1,1.63
HighCompute,Mainnet - Lighthouse,Median RAM GB,Phase 1,4.45
HighCompute,Nethermind - Lighthouse,Median RAM GB,Phase 1,6.98
HighCompute,Besu - Lighthouse,Median RAM GB,Phase 2,21.46
HighCompute,Equalweight - Lighthouse,Median RAM GB,Phase 2,7.92
HighCompute,Geth - Lighthouse,Median RAM GB,Phase 2,2.19
HighCompute,Mainnet - Lighthouse,Median RAM GB,Phase 2,5.56
HighCompute,Nethermind - Lighthouse,Median RAM GB,Phase 2,5.34
HighCompute,Besu - Lighthouse,Median RAM GB per node,Phase 1,0.6987
HighCompute,Equalweight - Lighthouse,Median RAM GB per node,Phase 1,0.4719
HighCompute,Geth - Lighthouse,Median RAM GB per node,Phase 1,0.1361
HighCompute,Mainnet - Lighthouse,Median RAM GB per node,Phase 1,0.3716
HighCompute,Nethermind - Lighthouse,Median RAM GB per node,Phase 1,0.5817
HighCompute,Besu - Lighthouse,Median RAM GB per node,Phase 2,1.78
HighCompute,Equalweight - Lighthouse,Median RAM GB per node,Phase 2,0.6603
HighCompute,Geth - Lighthouse,Median RAM GB per node,Phase 2,0.1831
HighCompute,Mainnet - Lighthouse,Median RAM GB per node,Phase 2,0.4633
HighCompute,Nethermind - Lighthouse,Median RAM GB per node,Phase 2,0.4454
HighCompute,Besu - Lighthouse,Median Spam Confirmed,Phase 1,150.00
HighCompute,Equalweight - Lighthouse,Median Spam Confirmed,Phase 1,149.00
HighCompute,Geth - Lighthouse,Median Spam Confirmed,Phase 1,150.00
HighCompute,Mainnet - Lighthouse,Median Spam Confirmed,Phase 1,148.00
HighCompute,Nethermind - Lighthouse,Median Spam Confirmed,Phase 1,150.00
HighCompute,Besu - Lighthouse,Median Spam Confirmed,Phase 2,1.00
HighCompute,Equalweight - Lighthouse,Median Spam Confirmed,Phase 2,1.00
HighCompute,Geth - Lighthouse,Median Spam Confirmed,Phase 2,1.00
HighCompute,Mainnet - Lighthouse,Median Spam Confirmed,Phase 2,1.00
HighCompute,Nethermind - Lighthouse,Median Spam Confirmed,Phase 2,1.00
HighCompute,Besu - Lighthouse,Median Spam Pending,Phase 1,31.00
HighCompute,Equalweight - Lighthouse,Median Spam Pending,Phase 1,49.00
HighCompute,Geth - Lighthouse,Median Spam Pending,Phase 1,53.00
HighCompute,Mainnet - Lighthouse,Median Spam Pending,Phase 1,27.00
HighCompute,Nethermind - Lighthouse,Median Spam Pending,Phase 1,18.00
HighCompute,Besu - Lighthouse,Median Spam Pending,Phase 2,351.00
HighCompute,Equalweight - Lighthouse,Median Spam Pending,Phase 2,337.00
HighCompute,Geth - Lighthouse,Median Spam Pending,Phase 2,500.00
HighCompute,Mainnet - Lighthouse,Median Spam Pending,Phase 2,471.00
HighCompute,Nethermind - Lighthouse,Median Spam Pending,Phase 2,486.00
HighCompute,Besu - Lighthouse,Median Spam Submitted,Phase 1,150.00
HighCompute,Equalweight - Lighthouse,Median Spam Submitted,Phase 1,150.00
HighCompute,Geth - Lighthouse,Median Spam Submitted,Phase 1,150.00
HighCompute,Mainnet - Lighthouse,Median Spam Submitted,Phase 1,150.00
HighCompute,Nethermind - Lighthouse,Median Spam Submitted,Phase 1,150.00
HighCompute,Besu - Lighthouse,Median Spam Submitted,Phase 2,150.00
HighCompute,Equalweight - Lighthouse,Median Spam Submitted,Phase 2,151.00
HighCompute,Geth - Lighthouse,Median Spam Submitted,Phase 2,104.00
HighCompute,Mainnet - Lighthouse,Median Spam Submitted,Phase 2,149.00
HighCompute,Nethermind - Lighthouse,Median Spam Submitted,Phase 2,103.00
HighCompute,Besu - Lighthouse,Min Block Gas Used %,Phase 1,0.0000
HighCompute,Equalweight - Lighthouse,Min Block Gas Used %,Phase 1,0.0000
HighCompute,Geth - Lighthouse,Min Block Gas Used %,Phase 1,0.0000
HighCompute,Mainnet - Lighthouse,Min Block Gas Used %,Phase 1,0.0000
HighCompute,Nethermind - Lighthouse,Min Block Gas Used %,Phase 1,0.0000
HighCompute,Besu - Lighthouse,Min Block Gas Used %,Phase 2,9.65
HighCompute,Equalweight - Lighthouse,Min Block Gas Used %,Phase 2,11.27
HighCompute,Geth - Lighthouse,Min Block Gas Used %,Phase 2,11.40
HighCompute,Mainnet - Lighthouse,Min Block Gas Used %,Phase 2,10.64
HighCompute,Nethermind - Lighthouse,Min Block Gas Used %,Phase 2,11.40
HighCompute,Besu - Lighthouse,Min Block Size kB,Phase 1,0.6132
HighCompute,Equalweight - Lighthouse,Min Block Size kB,Phase 1,0.6191
HighCompute,Geth - Lighthouse,Min Block Size kB,Phase 1,0.6259
HighCompute,Mainnet - Lighthouse,Min Block Size kB,Phase 1,0.6191
HighCompute,Nethermind - Lighthouse,Min Block Size kB,Phase 1,0.6191
HighCompute,Besu - Lighthouse,Min Block Size kB,Phase 2,0.7304
HighCompute,Equalweight - Lighthouse,Min Block Size kB,Phase 2,0.7314
HighCompute,Geth - Lighthouse,Min Block Size kB,Phase 2,0.7431
HighCompute,Mainnet - Lighthouse,Min Block Size kB,Phase 2,0.7314
HighCompute,Nethermind - Lighthouse,Min Block Size kB,Phase 2,0.7363
HighCompute,Besu - Lighthouse,Min CPU %,Phase 1,0.0000
HighCompute,Equalweight - Lighthouse,Min CPU %,Phase 1,0.0000
HighCompute,Geth - Lighthouse,Min CPU %,Phase 1,0.0000
HighCompute,Mainnet - Lighthouse,Min CPU %,Phase 1,0.0000
HighCompute,Nethermind - Lighthouse,Min CPU %,Phase 1,0.0000
HighCompute,Besu - Lighthouse,Min CPU %,Phase 2,17.00
HighCompute,Equalweight - Lighthouse,Min CPU %,Phase 2,14.00
HighCompute,Geth - Lighthouse,Min CPU %,Phase 2,5.00
HighCompute,Mainnet - Lighthouse,Min CPU %,Phase 2,13.00
HighCompute,Nethermind - Lighthouse,Min CPU %,Phase 2,17.00
HighCompute,Besu - Lighthouse,Min CPU % per node,Phase 1,0.0000
HighCompute,Equalweight - Lighthouse,Min CPU % per node,Phase 1,0.0000
HighCompute,Geth - Lighthouse,Min CPU % per node,Phase 1,0.0000
HighCompute,Mainnet - Lighthouse,Min CPU % per node,Phase 1,0.0000
HighCompute,Nethermind - Lighthouse,Min CPU % per node,Phase 1,0.0000
HighCompute,Besu - Lighthouse,Min CPU % per node,Phase 2,1.41
HighCompute,Equalweight - Lighthouse,Min CPU % per node,Phase 2,1.16
HighCompute,Geth - Lighthouse,Min CPU % per node,Phase 2,0.4166
HighCompute,Mainnet - Lighthouse,Min CPU % per node,Phase 2,1.08
HighCompute,Nethermind - Lighthouse,Min CPU % per node,Phase 2,1.41
HighCompute,Besu - Lighthouse,Min Gas Gwei,Phase 1,2.04
HighCompute,Equalweight - Lighthouse,Min Gas Gwei,Phase 1,2.03
HighCompute,Geth - Lighthouse,Min Gas Gwei,Phase 1,2.03
HighCompute,Mainnet - Lighthouse,Min Gas Gwei,Phase 1,2.03
HighCompute,Nethermind - Lighthouse,Min Gas Gwei,Phase 1,2.03
HighCompute,Besu - Lighthouse,Min Gas Gwei,Phase 2,2.03
HighCompute,Equalweight - Lighthouse,Min Gas Gwei,Phase 2,2.03
HighCompute,Geth - Lighthouse,Min Gas Gwei,Phase 2,2.03
HighCompute,Mainnet - Lighthouse,Min Gas Gwei,Phase 2,2.02
HighCompute,Nethermind - Lighthouse,Min Gas Gwei,Phase 2,2.02
HighCompute,Besu - Lighthouse,Min Latency ms,Phase 1,706.00
HighCompute,Equalweight - Lighthouse,Min Latency ms,Phase 1,65.00
HighCompute,Geth - Lighthouse,Min Latency ms,Phase 1,2118.00
HighCompute,Mainnet - Lighthouse,Min Latency ms,Phase 1,518.00
HighCompute,Nethermind - Lighthouse,Min Latency ms,Phase 1,448.00
HighCompute,Besu - Lighthouse,Min Latency ms,Phase 2,739.00
HighCompute,Equalweight - Lighthouse,Min Latency ms,Phase 2,692.00
HighCompute,Geth - Lighthouse,Min Latency ms,Phase 2,2269.00
HighCompute,Mainnet - Lighthouse,Min Latency ms,Phase 2,504.00
HighCompute,Nethermind - Lighthouse,Min Latency ms,Phase 2,472.00
HighCompute,Besu - Lighthouse,Min Net RX MB/s,Phase 1,0.0212
HighCompute,Equalweight - Lighthouse,Min Net RX MB/s,Phase 1,0.0200
HighCompute,Geth - Lighthouse,Min Net RX MB/s,Phase 1,0.0155
HighCompute,Mainnet - Lighthouse,Min Net RX MB/s,Phase 1,0.0046
HighCompute,Nethermind - Lighthouse,Min Net RX MB/s,Phase 1,0.0011
HighCompute,Besu - Lighthouse,Min Net RX MB/s,Phase 2,7.88
HighCompute,Equalweight - Lighthouse,Min Net RX MB/s,Phase 2,7.92
HighCompute,Geth - Lighthouse,Min Net RX MB/s,Phase 2,7.85
HighCompute,Mainnet - Lighthouse,Min Net RX MB/s,Phase 2,8.16
HighCompute,Nethermind - Lighthouse,Min Net RX MB/s,Phase 2,7.83
HighCompute,Besu - Lighthouse,Min Net TX MB/s,Phase 1,0.1314
HighCompute,Equalweight - Lighthouse,Min Net TX MB/s,Phase 1,0.1740
HighCompute,Geth - Lighthouse,Min Net TX MB/s,Phase 1,0.1499
HighCompute,Mainnet - Lighthouse,Min Net TX MB/s,Phase 1,0.0261
HighCompute,Nethermind - Lighthouse,Min Net TX MB/s,Phase 1,0.0105
HighCompute,Besu - Lighthouse,Min Net TX MB/s,Phase 2,10.00
HighCompute,Equalweight - Lighthouse,Min Net TX MB/s,Phase 2,10.07
HighCompute,Geth - Lighthouse,Min Net TX MB/s,Phase 2,9.95
HighCompute,Mainnet - Lighthouse,Min Net TX MB/s,Phase 2,10.17
HighCompute,Nethermind - Lighthouse,Min Net TX MB/s,Phase 2,10.08
HighCompute,Besu - Lighthouse,Min RAM GB,Phase 1,6.29
HighCompute,Equalweight - Lighthouse,Min RAM GB,Phase 1,4.76
HighCompute,Geth - Lighthouse,Min RAM GB,Phase 1,0.8407
HighCompute,Mainnet - Lighthouse,Min RAM GB,Phase 1,4.17
HighCompute,Nethermind - Lighthouse,Min RAM GB,Phase 1,4.85
HighCompute,Besu - Lighthouse,Min RAM GB,Phase 2,9.41
HighCompute,Equalweight - Lighthouse,Min RAM GB,Phase 2,5.37
HighCompute,Geth - Lighthouse,Min RAM GB,Phase 2,1.95
HighCompute,Mainnet - Lighthouse,Min RAM GB,Phase 2,4.44
HighCompute,Nethermind - Lighthouse,Min RAM GB,Phase 2,5.12
HighCompute,Besu - Lighthouse,Min RAM GB per node,Phase 1,0.5246
HighCompute,Equalweight - Lighthouse,Min RAM GB per node,Phase 1,0.3973
HighCompute,Geth - Lighthouse,Min RAM GB per node,Phase 1,0.0700
HighCompute,Mainnet - Lighthouse,Min RAM GB per node,Phase 1,0.3481
HighCompute,Nethermind - Lighthouse,Min RAM GB per node,Phase 1,0.4042
HighCompute,Besu - Lighthouse,Min RAM GB per node,Phase 2,0.7849
HighCompute,Equalweight - Lighthouse,Min RAM GB per node,Phase 2,0.4478
HighCompute,Geth - Lighthouse,Min RAM GB per node,Phase 2,0.1629
HighCompute,Mainnet - Lighthouse,Min RAM GB per node,Phase 2,0.3701
HighCompute,Nethermind - Lighthouse,Min RAM GB per node,Phase 2,0.4274
HighCompute,Besu - Lighthouse,Min Spam Confirmed,Phase 1,0.0000
HighCompute,Equalweight - Lighthouse,Min Spam Confirmed,Phase 1,0.0000
HighCompute,Geth - Lighthouse,Min Spam Confirmed,Phase 1,0.0000
HighCompute,Mainnet - Lighthouse,Min Spam Confirmed,Phase 1,0.0000
HighCompute,Nethermind - Lighthouse,Min Spam Confirmed,Phase 1,0.0000
HighCompute,Besu - Lighthouse,Min Spam Confirmed,Phase 2,1.00
HighCompute,Equalweight - Lighthouse,Min Spam Confirmed,Phase 2,1.00
HighCompute,Geth - Lighthouse,Min Spam Confirmed,Phase 2,1.00
HighCompute,Mainnet - Lighthouse,Min Spam Confirmed,Phase 2,1.00
HighCompute,Nethermind - Lighthouse,Min Spam Confirmed,Phase 2,1.00
HighCompute,Besu - Lighthouse,Min Spam Pending,Phase 1,0.0000
HighCompute,Equalweight - Lighthouse,Min Spam Pending,Phase 1,0.0000
HighCompute,Geth - Lighthouse,Min Spam Pending,Phase 1,0.0000
HighCompute,Mainnet - Lighthouse,Min Spam Pending,Phase 1,0.0000
HighCompute,Nethermind - Lighthouse,Min Spam Pending,Phase 1,0.0000
HighCompute,Besu - Lighthouse,Min Spam Pending,Phase 2,10.00
HighCompute,Equalweight - Lighthouse,Min Spam Pending,Phase 2,9.00
HighCompute,Geth - Lighthouse,Min Spam Pending,Phase 2,14.00
HighCompute,Mainnet - Lighthouse,Min Spam Pending,Phase 2,11.00
HighCompute,Nethermind - Lighthouse,Min Spam Pending,Phase 2,14.00
HighCompute,Besu - Lighthouse,Min Spam Submitted,Phase 1,0.0000
HighCompute,Equalweight - Lighthouse,Min Spam Submitted,Phase 1,0.0000
HighCompute,Geth - Lighthouse,Min Spam Submitted,Phase 1,0.0000
HighCompute,Mainnet - Lighthouse,Min Spam Submitted,Phase 1,0.0000
HighCompute,Nethermind - Lighthouse,Min Spam Submitted,Phase 1,0.0000
HighCompute,Besu - Lighthouse,Min Spam Submitted,Phase 2,1.00
HighCompute,Equalweight - Lighthouse,Min Spam Submitted,Phase 2,0.0000
HighCompute,Geth - Lighthouse,Min Spam Submitted,Phase 2,0.0000
HighCompute,Mainnet - Lighthouse,Min Spam Submitted,Phase 2,0.0000
HighCompute,Nethermind - Lighthouse,Min Spam Submitted,Phase 2,0.0000
HighCompute,Besu - Lighthouse,TPS,Phase 1,11.91
HighCompute,Equalweight - Lighthouse,TPS,Phase 1,11.40
HighCompute,Geth - Lighthouse,TPS,Phase 1,11.40
HighCompute,Mainnet - Lighthouse,TPS,Phase 1,8.87
HighCompute,Nethermind - Lighthouse,TPS,Phase 1,10.40
HighCompute,Besu - Lighthouse,TPS,Phase 2,11.42
HighCompute,Equalweight - Lighthouse,TPS,Phase 2,11.92
HighCompute,Geth - Lighthouse,TPS,Phase 2,7.89
HighCompute,Mainnet - Lighthouse,TPS,Phase 2,8.28
HighCompute,Nethermind - Lighthouse,TPS,Phase 2,8.14
HighCompute,Besu - Lighthouse,TX Count,Phase 1,4289.00
HighCompute,Equalweight - Lighthouse,TX Count,Phase 1,4107.00
HighCompute,Geth - Lighthouse,TX Count,Phase 1,4104.00
HighCompute,Mainnet - Lighthouse,TX Count,Phase 1,3194.00
HighCompute,Nethermind - Lighthouse,TX Count,Phase 1,3747.00
HighCompute,Besu - Lighthouse,TX Count,Phase 2,4386.00
HighCompute,Equalweight - Lighthouse,TX Count,Phase 2,4578.00
HighCompute,Geth - Lighthouse,TX Count,Phase 2,3030.00
HighCompute,Mainnet - Lighthouse,TX Count,Phase 2,3182.00
HighCompute,Nethermind - Lighthouse,TX Count,Phase 2,3129.00
HighCompute,Besu - Lighthouse,Total Gas Used,Phase 1,157282250.00
HighCompute,Equalweight - Lighthouse,Total Gas Used,Phase 1,151328031.00
HighCompute,Geth - Lighthouse,Total Gas Used,Phase 1,151225380.00
HighCompute,Mainnet - Lighthouse,Total Gas Used,Phase 1,120098971.00
HighCompute,Nethermind - Lighthouse,Total Gas Used,Phase 1,140070342.00
HighCompute,Besu - Lighthouse,Total Gas Used,Phase 2,1223173747.00
HighCompute,Equalweight - Lighthouse,Total Gas Used,Phase 2,1234344596.00
HighCompute,Geth - Lighthouse,Total Gas Used,Phase 2,1356331096.00
HighCompute,Mainnet - Lighthouse,Total Gas Used,Phase 2,1316566826.00
HighCompute,Nethermind - Lighthouse,Total Gas Used,Phase 2,1358410176.00
HighCompute,Besu - Lighthouse,Total Spam Submitted,Phase 1,4319.00
HighCompute,Equalweight - Lighthouse,Total Spam Submitted,Phase 1,4164.00
HighCompute,Geth - Lighthouse,Total Spam Submitted,Phase 1,4161.00
HighCompute,Mainnet - Lighthouse,Total Spam Submitted,Phase 1,3225.00
HighCompute,Nethermind - Lighthouse,Total Spam Submitted,Phase 1,3764.00
HighCompute,Besu - Lighthouse,Total Spam Submitted,Phase 2,4357.00
HighCompute,Equalweight - Lighthouse,Total Spam Submitted,Phase 2,4529.00
HighCompute,Geth - Lighthouse,Total Spam Submitted,Phase 2,3269.00
HighCompute,Mainnet - Lighthouse,Total Spam Submitted,Phase 2,3841.00
HighCompute,Nethermind - Lighthouse,Total Spam Submitted,Phase 2,3406.00
HighCompute,Besu - Lighthouse,Total Spam Submitted (1-64),1-64,8676.00
HighCompute,Equalweight - Lighthouse,Total Spam Submitted (1-64),1-64,8693.00
HighCompute,Geth - Lighthouse,Total Spam Submitted (1-64),1-64,7430.00
HighCompute,Mainnet - Lighthouse,Total Spam Submitted (1-64),1-64,7066.00
HighCompute,Nethermind - Lighthouse,Total Spam Submitted (1-64),1-64,7170.00
HighCompute,Besu - Lighthouse,Total TX Count (1-64),1-64,8675.00
HighCompute,Equalweight - Lighthouse,Total TX Count (1-64),1-64,8685.00
HighCompute,Geth - Lighthouse,Total TX Count (1-64),1-64,7134.00
HighCompute,Mainnet - Lighthouse,Total TX Count (1-64),1-64,6376.00
HighCompute,Nethermind - Lighthouse,Total TX Count (1-64),1-64,6876.00
HighGas,Besu - Lighthouse,Avg Block Gas Used %,Phase 1,11.29
HighGas,Equalweight - Lighthouse,Avg Block Gas Used %,Phase 1,9.45
HighGas,Geth - Lighthouse,Avg Block Gas Used %,Phase 1,6.79
HighGas,Mainnet - Lighthouse,Avg Block Gas Used %,Phase 1,8.33
HighGas,Nethermind - Lighthouse,Avg Block Gas Used %,Phase 1,10.96
HighGas,Besu - Lighthouse,Avg Block Gas Used %,Phase 2,97.06
HighGas,Equalweight - Lighthouse,Avg Block Gas Used %,Phase 2,97.71
HighGas,Geth - Lighthouse,Avg Block Gas Used %,Phase 2,95.91
HighGas,Mainnet - Lighthouse,Avg Block Gas Used %,Phase 2,97.52
HighGas,Nethermind - Lighthouse,Avg Block Gas Used %,Phase 2,98.17
HighGas,Besu - Lighthouse,Avg Block Size kB,Phase 1,20.01
HighGas,Equalweight - Lighthouse,Avg Block Size kB,Phase 1,16.68
HighGas,Geth - Lighthouse,Avg Block Size kB,Phase 1,11.89
HighGas,Mainnet - Lighthouse,Avg Block Size kB,Phase 1,14.67
HighGas,Nethermind - Lighthouse,Avg Block Size kB,Phase 1,19.42
HighGas,Besu - Lighthouse,Avg Block Size kB,Phase 2,21.70
HighGas,Equalweight - Lighthouse,Avg Block Size kB,Phase 2,22.50
HighGas,Geth - Lighthouse,Avg Block Size kB,Phase 2,22.14
HighGas,Mainnet - Lighthouse,Avg Block Size kB,Phase 2,22.51
HighGas,Nethermind - Lighthouse,Avg Block Size kB,Phase 2,22.60
HighGas,Besu - Lighthouse,Avg CPU %,Phase 1,147.36
HighGas,Equalweight - Lighthouse,Avg CPU %,Phase 1,70.00
HighGas,Geth - Lighthouse,Avg CPU %,Phase 1,21.63
HighGas,Mainnet - Lighthouse,Avg CPU %,Phase 1,47.63
HighGas,Nethermind - Lighthouse,Avg CPU %,Phase 1,65.94
HighGas,Besu - Lighthouse,Avg CPU %,Phase 2,129.21
HighGas,Equalweight - Lighthouse,Avg CPU %,Phase 2,73.54
HighGas,Geth - Lighthouse,Avg CPU %,Phase 2,36.41
HighGas,Mainnet - Lighthouse,Avg CPU %,Phase 2,57.33
HighGas,Nethermind - Lighthouse,Avg CPU %,Phase 2,66.31
HighGas,Besu - Lighthouse,Avg CPU % per node,Phase 1,12.28
HighGas,Equalweight - Lighthouse,Avg CPU % per node,Phase 1,5.83
HighGas,Geth - Lighthouse,Avg CPU % per node,Phase 1,1.80
HighGas,Mainnet - Lighthouse,Avg CPU % per node,Phase 1,3.96
HighGas,Nethermind - Lighthouse,Avg CPU % per node,Phase 1,5.49
HighGas,Besu - Lighthouse,Avg CPU % per node,Phase 2,10.76
HighGas,Equalweight - Lighthouse,Avg CPU % per node,Phase 2,6.12
HighGas,Geth - Lighthouse,Avg CPU % per node,Phase 2,3.03
HighGas,Mainnet - Lighthouse,Avg CPU % per node,Phase 2,4.77
HighGas,Nethermind - Lighthouse,Avg CPU % per node,Phase 2,5.52
HighGas,Besu - Lighthouse,Avg Gas Gwei,Phase 1,2.46
HighGas,Equalweight - Lighthouse,Avg Gas Gwei,Phase 1,2.16
HighGas,Geth - Lighthouse,Avg Gas Gwei,Phase 1,2.10
HighGas,Mainnet - Lighthouse,Avg Gas Gwei,Phase 1,2.13
HighGas,Nethermind - Lighthouse,Avg Gas Gwei,Phase 1,2.39
HighGas,Besu - Lighthouse,Avg Gas Gwei,Phase 2,2.35
HighGas,Equalweight - Lighthouse,Avg Gas Gwei,Phase 2,2.33
HighGas,Geth - Lighthouse,Avg Gas Gwei,Phase 2,2.25
HighGas,Mainnet - Lighthouse,Avg Gas Gwei,Phase 2,2.30
HighGas,Nethermind - Lighthouse,Avg Gas Gwei,Phase 2,2.39
HighGas,Besu - Lighthouse,Avg Latency ms,Phase 1,6926.81
HighGas,Equalweight - Lighthouse,Avg Latency ms,Phase 1,6923.90
HighGas,Geth - Lighthouse,Avg Latency ms,Phase 1,8056.44
HighGas,Mainnet - Lighthouse,Avg Latency ms,Phase 1,7103.41
HighGas,Nethermind - Lighthouse,Avg Latency ms,Phase 1,6467.67
HighGas,Besu - Lighthouse,Avg Latency ms,Phase 2,25313.18
HighGas,Equalweight - Lighthouse,Avg Latency ms,Phase 2,10044.31
HighGas,Geth - Lighthouse,Avg Latency ms,Phase 2,10326.25
HighGas,Mainnet - Lighthouse,Avg Latency ms,Phase 2,11939.54
HighGas,Nethermind - Lighthouse,Avg Latency ms,Phase 2,9084.04
HighGas,Besu - Lighthouse,Avg Net RX MB/s,Phase 1,4.52
HighGas,Equalweight - Lighthouse,Avg Net RX MB/s,Phase 1,4.25
HighGas,Geth - Lighthouse,Avg Net RX MB/s,Phase 1,3.93
HighGas,Mainnet - Lighthouse,Avg Net RX MB/s,Phase 1,4.12
HighGas,Nethermind - Lighthouse,Avg Net RX MB/s,Phase 1,4.21
HighGas,Besu - Lighthouse,Avg Net RX MB/s,Phase 2,8.19
HighGas,Equalweight - Lighthouse,Avg Net RX MB/s,Phase 2,8.29
HighGas,Geth - Lighthouse,Avg Net RX MB/s,Phase 2,8.30
HighGas,Mainnet - Lighthouse,Avg Net RX MB/s,Phase 2,8.03
HighGas,Nethermind - Lighthouse,Avg Net RX MB/s,Phase 2,8.21
HighGas,Besu - Lighthouse,Avg Net TX MB/s,Phase 1,5.69
HighGas,Equalweight - Lighthouse,Avg Net TX MB/s,Phase 1,5.33
HighGas,Geth - Lighthouse,Avg Net TX MB/s,Phase 1,4.92
HighGas,Mainnet - Lighthouse,Avg Net TX MB/s,Phase 1,5.17
HighGas,Nethermind - Lighthouse,Avg Net TX MB/s,Phase 1,5.32
HighGas,Besu - Lighthouse,Avg Net TX MB/s,Phase 2,10.55
HighGas,Equalweight - Lighthouse,Avg Net TX MB/s,Phase 2,10.65
HighGas,Geth - Lighthouse,Avg Net TX MB/s,Phase 2,10.60
HighGas,Mainnet - Lighthouse,Avg Net TX MB/s,Phase 2,10.37
HighGas,Nethermind - Lighthouse,Avg Net TX MB/s,Phase 2,10.56
HighGas,Besu - Lighthouse,Avg RAM GB,Phase 1,8.37
HighGas,Equalweight - Lighthouse,Avg RAM GB,Phase 1,5.23
HighGas,Geth - Lighthouse,Avg RAM GB,Phase 1,1.37
HighGas,Mainnet - Lighthouse,Avg RAM GB,Phase 1,4.64
HighGas,Nethermind - Lighthouse,Avg RAM GB,Phase 1,6.79
HighGas,Besu - Lighthouse,Avg RAM GB,Phase 2,9.73
HighGas,Equalweight - Lighthouse,Avg RAM GB,Phase 2,5.44
HighGas,Geth - Lighthouse,Avg RAM GB,Phase 2,2.06
HighGas,Mainnet - Lighthouse,Avg RAM GB,Phase 2,4.55
HighGas,Nethermind - Lighthouse,Avg RAM GB,Phase 2,5.40
HighGas,Besu - Lighthouse,Avg RAM GB per node,Phase 1,0.6976
HighGas,Equalweight - Lighthouse,Avg RAM GB per node,Phase 1,0.4366
HighGas,Geth - Lighthouse,Avg RAM GB per node,Phase 1,0.1149
HighGas,Mainnet - Lighthouse,Avg RAM GB per node,Phase 1,0.3873
HighGas,Nethermind - Lighthouse,Avg RAM GB per node,Phase 1,0.5663
HighGas,Besu - Lighthouse,Avg RAM GB per node,Phase 2,0.8113
HighGas,Equalweight - Lighthouse,Avg RAM GB per node,Phase 2,0.4541
HighGas,Geth - Lighthouse,Avg RAM GB per node,Phase 2,0.1720
HighGas,Mainnet - Lighthouse,Avg RAM GB per node,Phase 2,0.3793
HighGas,Nethermind - Lighthouse,Avg RAM GB per node,Phase 2,0.4501
HighGas,Besu - Lighthouse,Avg Spam Confirmed,Phase 1,138.35
HighGas,Equalweight - Lighthouse,Avg Spam Confirmed,Phase 1,113.80
HighGas,Geth - Lighthouse,Avg Spam Confirmed,Phase 1,78.83
HighGas,Mainnet - Lighthouse,Avg Spam Confirmed,Phase 1,99.16
HighGas,Nethermind - Lighthouse,Avg Spam Confirmed,Phase 1,133.74
HighGas,Besu - Lighthouse,Avg Spam Confirmed,Phase 2,152.48
HighGas,Equalweight - Lighthouse,Avg Spam Confirmed,Phase 2,158.33
HighGas,Geth - Lighthouse,Avg Spam Confirmed,Phase 2,155.69
HighGas,Mainnet - Lighthouse,Avg Spam Confirmed,Phase 2,158.45
HighGas,Nethermind - Lighthouse,Avg Spam Confirmed,Phase 2,159.06
HighGas,Besu - Lighthouse,Avg Spam Pending,Phase 1,23.67
HighGas,Equalweight - Lighthouse,Avg Spam Pending,Phase 1,27.48
HighGas,Geth - Lighthouse,Avg Spam Pending,Phase 1,30.90
HighGas,Mainnet - Lighthouse,Avg Spam Pending,Phase 1,14.32
HighGas,Nethermind - Lighthouse,Avg Spam Pending,Phase 1,11.48
HighGas,Besu - Lighthouse,Avg Spam Pending,Phase 2,292.93
HighGas,Equalweight - Lighthouse,Avg Spam Pending,Phase 2,78.12
HighGas,Geth - Lighthouse,Avg Spam Pending,Phase 2,59.42
HighGas,Mainnet - Lighthouse,Avg Spam Pending,Phase 2,94.24
HighGas,Nethermind - Lighthouse,Avg Spam Pending,Phase 2,58.66
HighGas,Besu - Lighthouse,Avg Spam Submitted,Phase 1,139.41
HighGas,Equalweight - Lighthouse,Avg Spam Submitted,Phase 1,114.90
HighGas,Geth - Lighthouse,Avg Spam Submitted,Phase 1,79.74
HighGas,Mainnet - Lighthouse,Avg Spam Submitted,Phase 1,100.35
HighGas,Nethermind - Lighthouse,Avg Spam Submitted,Phase 1,134.32
HighGas,Besu - Lighthouse,Avg Spam Submitted,Phase 2,161.69
HighGas,Equalweight - Lighthouse,Avg Spam Submitted,Phase 2,157.30
HighGas,Geth - Lighthouse,Avg Spam Submitted,Phase 2,154.84
HighGas,Mainnet - Lighthouse,Avg Spam Submitted,Phase 2,157.33
HighGas,Nethermind - Lighthouse,Avg Spam Submitted,Phase 2,158.51
HighGas,Besu - Lighthouse,Max Block Gas Used %,Phase 1,23.76
HighGas,Equalweight - Lighthouse,Max Block Gas Used %,Phase 1,23.62
HighGas,Geth - Lighthouse,Max Block Gas Used %,Phase 1,23.76
HighGas,Mainnet - Lighthouse,Max Block Gas Used %,Phase 1,13.35
HighGas,Nethermind - Lighthouse,Max Block Gas Used %,Phase 1,23.62
HighGas,Besu - Lighthouse,Max Block Gas Used %,Phase 2,100.00
HighGas,Equalweight - Lighthouse,Max Block Gas Used %,Phase 2,99.99
HighGas,Geth - Lighthouse,Max Block Gas Used %,Phase 2,99.99
HighGas,Mainnet - Lighthouse,Max Block Gas Used %,Phase 2,99.99
HighGas,Nethermind - Lighthouse,Max Block Gas Used %,Phase 2,99.99
HighGas,Besu - Lighthouse,Max Block Size kB,Phase 1,22.00
HighGas,Equalweight - Lighthouse,Max Block Size kB,Phase 1,25.60
HighGas,Geth - Lighthouse,Max Block Size kB,Phase 1,22.55
HighGas,Mainnet - Lighthouse,Max Block Size kB,Phase 1,24.28
HighGas,Nethermind - Lighthouse,Max Block Size kB,Phase 1,22.53
HighGas,Besu - Lighthouse,Max Block Size kB,Phase 2,63.08
HighGas,Equalweight - Lighthouse,Max Block Size kB,Phase 2,40.15
HighGas,Geth - Lighthouse,Max Block Size kB,Phase 2,26.67
HighGas,Mainnet - Lighthouse,Max Block Size kB,Phase 2,54.71
HighGas,Nethermind - Lighthouse,Max Block Size kB,Phase 2,26.67
HighGas,Besu - Lighthouse,Max CPU %,Phase 1,1783.70
HighGas,Equalweight - Lighthouse,Max CPU %,Phase 1,520.00
HighGas,Geth - Lighthouse,Max CPU %,Phase 1,186.00
HighGas,Mainnet - Lighthouse,Max CPU %,Phase 1,357.00
HighGas,Nethermind - Lighthouse,Max CPU %,Phase 1,498.00
HighGas,Besu - Lighthouse,Max CPU %,Phase 2,1835.00
HighGas,Equalweight - Lighthouse,Max CPU %,Phase 2,418.00
HighGas,Geth - Lighthouse,Max CPU %,Phase 2,144.00
HighGas,Mainnet - Lighthouse,Max CPU %,Phase 2,552.00
HighGas,Nethermind - Lighthouse,Max CPU %,Phase 2,546.00
HighGas,Besu - Lighthouse,Max CPU % per node,Phase 1,148.64
HighGas,Equalweight - Lighthouse,Max CPU % per node,Phase 1,43.33
HighGas,Geth - Lighthouse,Max CPU % per node,Phase 1,15.50
HighGas,Mainnet - Lighthouse,Max CPU % per node,Phase 1,29.75
HighGas,Nethermind - Lighthouse,Max CPU % per node,Phase 1,41.50
HighGas,Besu - Lighthouse,Max CPU % per node,Phase 2,152.91
HighGas,Equalweight - Lighthouse,Max CPU % per node,Phase 2,34.83
HighGas,Geth - Lighthouse,Max CPU % per node,Phase 2,12.00
HighGas,Mainnet - Lighthouse,Max CPU % per node,Phase 2,46.00
HighGas,Nethermind - Lighthouse,Max CPU % per node,Phase 2,45.50
HighGas,Besu - Lighthouse,Max Gas Gwei,Phase 1,200.76
HighGas,Equalweight - Lighthouse,Max Gas Gwei,Phase 1,100.03
HighGas,Geth - Lighthouse,Max Gas Gwei,Phase 1,100.03
HighGas,Mainnet - Lighthouse,Max Gas Gwei,Phase 1,100.03
HighGas,Nethermind - Lighthouse,Max Gas Gwei,Phase 1,200.76
HighGas,Besu - Lighthouse,Max Gas Gwei,Phase 2,3.27
HighGas,Equalweight - Lighthouse,Max Gas Gwei,Phase 2,3.30
HighGas,Geth - Lighthouse,Max Gas Gwei,Phase 2,2.94
HighGas,Mainnet - Lighthouse,Max Gas Gwei,Phase 2,3.21
HighGas,Nethermind - Lighthouse,Max Gas Gwei,Phase 2,3.53
HighGas,Besu - Lighthouse,Max Latency ms,Phase 1,27827.00
HighGas,Equalweight - Lighthouse,Max Latency ms,Phase 1,14549.00
HighGas,Geth - Lighthouse,Max Latency ms,Phase 1,14144.00
HighGas,Mainnet - Lighthouse,Max Latency ms,Phase 1,14507.00
HighGas,Nethermind - Lighthouse,Max Latency ms,Phase 1,48643.00
HighGas,Besu - Lighthouse,Max Latency ms,Phase 2,106878.00
HighGas,Equalweight - Lighthouse,Max Latency ms,Phase 2,29389.00
HighGas,Geth - Lighthouse,Max Latency ms,Phase 2,19803.00
HighGas,Mainnet - Lighthouse,Max Latency ms,Phase 2,59876.00
HighGas,Nethermind - Lighthouse,Max Latency ms,Phase 2,18805.00
HighGas,Besu - Lighthouse,Max Net RX MB/s,Phase 1,8.08
HighGas,Equalweight - Lighthouse,Max Net RX MB/s,Phase 1,8.11
HighGas,Geth - Lighthouse,Max Net RX MB/s,Phase 1,8.03
HighGas,Mainnet - Lighthouse,Max Net RX MB/s,Phase 1,7.95
HighGas,Nethermind - Lighthouse,Max Net RX MB/s,Phase 1,8.02
HighGas,Besu - Lighthouse,Max Net RX MB/s,Phase 2,8.28
HighGas,Equalweight - Lighthouse,Max Net RX MB/s,Phase 2,8.35
HighGas,Geth - Lighthouse,Max Net RX MB/s,Phase 2,8.43
HighGas,Mainnet - Lighthouse,Max Net RX MB/s,Phase 2,8.15
HighGas,Nethermind - Lighthouse,Max Net RX MB/s,Phase 2,8.29
HighGas,Besu - Lighthouse,Max Net TX MB/s,Phase 1,10.16
HighGas,Equalweight - Lighthouse,Max Net TX MB/s,Phase 1,10.13
HighGas,Geth - Lighthouse,Max Net TX MB/s,Phase 1,9.93
HighGas,Mainnet - Lighthouse,Max Net TX MB/s,Phase 1,9.92
HighGas,Nethermind - Lighthouse,Max Net TX MB/s,Phase 1,10.08
HighGas,Besu - Lighthouse,Max Net TX MB/s,Phase 2,10.76
HighGas,Equalweight - Lighthouse,Max Net TX MB/s,Phase 2,10.84
HighGas,Geth - Lighthouse,Max Net TX MB/s,Phase 2,10.93
HighGas,Mainnet - Lighthouse,Max Net TX MB/s,Phase 2,10.50
HighGas,Nethermind - Lighthouse,Max Net TX MB/s,Phase 2,10.80
HighGas,Besu - Lighthouse,Max RAM GB,Phase 1,9.24
HighGas,Equalweight - Lighthouse,Max RAM GB,Phase 1,5.85
HighGas,Geth - Lighthouse,Max RAM GB,Phase 1,1.76
HighGas,Mainnet - Lighthouse,Max RAM GB,Phase 1,5.07
HighGas,Nethermind - Lighthouse,Max RAM GB,Phase 1,7.50
HighGas,Besu - Lighthouse,Max RAM GB,Phase 2,10.14
HighGas,Equalweight - Lighthouse,Max RAM GB,Phase 2,5.72
HighGas,Geth - Lighthouse,Max RAM GB,Phase 2,2.37
HighGas,Mainnet - Lighthouse,Max RAM GB,Phase 2,4.76
HighGas,Nethermind - Lighthouse,Max RAM GB,Phase 2,5.72
HighGas,Besu - Lighthouse,Max RAM GB per node,Phase 1,0.7700
HighGas,Equalweight - Lighthouse,Max RAM GB per node,Phase 1,0.4880
HighGas,Geth - Lighthouse,Max RAM GB per node,Phase 1,0.1467
HighGas,Mainnet - Lighthouse,Max RAM GB per node,Phase 1,0.4229
HighGas,Nethermind - Lighthouse,Max RAM GB per node,Phase 1,0.6252
HighGas,Besu - Lighthouse,Max RAM GB per node,Phase 2,0.8450
HighGas,Equalweight - Lighthouse,Max RAM GB per node,Phase 2,0.4766
HighGas,Geth - Lighthouse,Max RAM GB per node,Phase 2,0.1976
HighGas,Mainnet - Lighthouse,Max RAM GB per node,Phase 2,0.3969
HighGas,Nethermind - Lighthouse,Max RAM GB per node,Phase 2,0.4771
HighGas,Besu - Lighthouse,Max Spam Confirmed,Phase 1,150.00
HighGas,Equalweight - Lighthouse,Max Spam Confirmed,Phase 1,173.00
HighGas,Geth - Lighthouse,Max Spam Confirmed,Phase 1,151.00
HighGas,Mainnet - Lighthouse,Max Spam Confirmed,Phase 1,172.00
HighGas,Nethermind - Lighthouse,Max Spam Confirmed,Phase 1,151.00
HighGas,Besu - Lighthouse,Max Spam Confirmed,Phase 2,458.00
HighGas,Equalweight - Lighthouse,Max Spam Confirmed,Phase 2,295.00
HighGas,Geth - Lighthouse,Max Spam Confirmed,Phase 2,189.00
HighGas,Mainnet - Lighthouse,Max Spam Confirmed,Phase 2,414.00
HighGas,Nethermind - Lighthouse,Max Spam Confirmed,Phase 2,189.00
HighGas,Besu - Lighthouse,Max Spam Pending,Phase 1,33.00
HighGas,Equalweight - Lighthouse,Max Spam Pending,Phase 1,55.00
HighGas,Geth - Lighthouse,Max Spam Pending,Phase 1,64.00
HighGas,Mainnet - Lighthouse,Max Spam Pending,Phase 1,37.00
HighGas,Nethermind - Lighthouse,Max Spam Pending,Phase 1,18.00
HighGas,Besu - Lighthouse,Max Spam Pending,Phase 2,491.00
HighGas,Equalweight - Lighthouse,Max Spam Pending,Phase 2,157.00
HighGas,Geth - Lighthouse,Max Spam Pending,Phase 2,104.00
HighGas,Mainnet - Lighthouse,Max Spam Pending,Phase 2,348.00
HighGas,Nethermind - Lighthouse,Max Spam Pending,Phase 2,105.00
HighGas,Besu - Lighthouse,Max Spam Submitted,Phase 1,153.00
HighGas,Equalweight - Lighthouse,Max Spam Submitted,Phase 1,152.00
HighGas,Geth - Lighthouse,Max Spam Submitted,Phase 1,152.00
HighGas,Mainnet - Lighthouse,Max Spam Submitted,Phase 1,152.00
HighGas,Nethermind - Lighthouse,Max Spam Submitted,Phase 1,153.00
HighGas,Besu - Lighthouse,Max Spam Submitted,Phase 2,167.00
HighGas,Equalweight - Lighthouse,Max Spam Submitted,Phase 2,167.00
HighGas,Geth - Lighthouse,Max Spam Submitted,Phase 2,166.00
HighGas,Mainnet - Lighthouse,Max Spam Submitted,Phase 2,166.00
HighGas,Nethermind - Lighthouse,Max Spam Submitted,Phase 2,166.00
HighGas,Besu - Lighthouse,Median Block Gas Used %,Phase 1,11.40
HighGas,Equalweight - Lighthouse,Median Block Gas Used %,Phase 1,11.34
HighGas,Geth - Lighthouse,Median Block Gas Used %,Phase 1,11.40
HighGas,Mainnet - Lighthouse,Median Block Gas Used %,Phase 1,11.40
HighGas,Nethermind - Lighthouse,Median Block Gas Used %,Phase 1,11.40
HighGas,Besu - Lighthouse,Median Block Gas Used %,Phase 2,99.98
HighGas,Equalweight - Lighthouse,Median Block Gas Used %,Phase 2,99.99
HighGas,Geth - Lighthouse,Median Block Gas Used %,Phase 2,99.98
HighGas,Mainnet - Lighthouse,Median Block Gas Used %,Phase 2,99.97
HighGas,Nethermind - Lighthouse,Median Block Gas Used %,Phase 2,99.98
HighGas,Besu - Lighthouse,Median Block Size kB,Phase 1,21.21
HighGas,Equalweight - Lighthouse,Median Block Size kB,Phase 1,20.92
HighGas,Geth - Lighthouse,Median Block Size kB,Phase 1,17.82
HighGas,Mainnet - Lighthouse,Median Block Size kB,Phase 1,20.92
HighGas,Nethermind - Lighthouse,Median Block Size kB,Phase 1,21.22
HighGas,Besu - Lighthouse,Median Block Size kB,Phase 2,16.15
HighGas,Equalweight - Lighthouse,Median Block Size kB,Phase 2,26.02
HighGas,Geth - Lighthouse,Median Block Size kB,Phase 2,24.85
HighGas,Mainnet - Lighthouse,Median Block Size kB,Phase 2,23.13
HighGas,Nethermind - Lighthouse,Median Block Size kB,Phase 2,26.26
HighGas,Besu - Lighthouse,Median CPU %,Phase 1,93.00
HighGas,Equalweight - Lighthouse,Median CPU %,Phase 1,53.00
HighGas,Geth - Lighthouse,Median CPU %,Phase 1,17.50
HighGas,Mainnet - Lighthouse,Median CPU %,Phase 1,36.00
HighGas,Nethermind - Lighthouse,Median CPU %,Phase 1,49.00
HighGas,Besu - Lighthouse,Median CPU %,Phase 2,93.00
HighGas,Equalweight - Lighthouse,Median CPU %,Phase 2,49.00
HighGas,Geth - Lighthouse,Median CPU %,Phase 2,29.00
HighGas,Mainnet - Lighthouse,Median CPU %,Phase 2,38.00
HighGas,Nethermind - Lighthouse,Median CPU %,Phase 2,50.00
HighGas,Besu - Lighthouse,Median CPU % per node,Phase 1,7.75
HighGas,Equalweight - Lighthouse,Median CPU % per node,Phase 1,4.41
HighGas,Geth - Lighthouse,Median CPU % per node,Phase 1,1.45
HighGas,Mainnet - Lighthouse,Median CPU % per node,Phase 1,3.00
HighGas,Nethermind - Lighthouse,Median CPU % per node,Phase 1,4.08
HighGas,Besu - Lighthouse,Median CPU % per node,Phase 2,7.75
HighGas,Equalweight - Lighthouse,Median CPU % per node,Phase 2,4.08
HighGas,Geth - Lighthouse,Median CPU % per node,Phase 2,2.41
HighGas,Mainnet - Lighthouse,Median CPU % per node,Phase 2,3.16
HighGas,Nethermind - Lighthouse,Median CPU % per node,Phase 2,4.16
HighGas,Besu - Lighthouse,Median Gas Gwei,Phase 1,2.16
HighGas,Equalweight - Lighthouse,Median Gas Gwei,Phase 1,2.10
HighGas,Geth - Lighthouse,Median Gas Gwei,Phase 1,2.06
HighGas,Mainnet - Lighthouse,Median Gas Gwei,Phase 1,2.08
HighGas,Nethermind - Lighthouse,Median Gas Gwei,Phase 1,2.14
HighGas,Besu - Lighthouse,Median Gas Gwei,Phase 2,2.21
HighGas,Equalweight - Lighthouse,Median Gas Gwei,Phase 2,2.19
HighGas,Geth - Lighthouse,Median Gas Gwei,Phase 2,2.14
HighGas,Mainnet - Lighthouse,Median Gas Gwei,Phase 2,2.18
HighGas,Nethermind - Lighthouse,Median Gas Gwei,Phase 2,2.23
HighGas,Besu - Lighthouse,Median Latency ms,Phase 1,6906.50
HighGas,Equalweight - Lighthouse,Median Latency ms,Phase 1,6892.00
HighGas,Geth - Lighthouse,Median Latency ms,Phase 1,7980.00
HighGas,Mainnet - Lighthouse,Median Latency ms,Phase 1,7125.00
HighGas,Nethermind - Lighthouse,Median Latency ms,Phase 1,6462.00
HighGas,Besu - Lighthouse,Median Latency ms,Phase 2,20318.50
HighGas,Equalweight - Lighthouse,Median Latency ms,Phase 2,9511.00
HighGas,Geth - Lighthouse,Median Latency ms,Phase 2,10318.50
HighGas,Mainnet - Lighthouse,Median Latency ms,Phase 2,10154.00
HighGas,Nethermind - Lighthouse,Median Latency ms,Phase 2,9069.00
HighGas,Besu - Lighthouse,Median Net RX MB/s,Phase 1,4.65
HighGas,Equalweight - Lighthouse,Median Net RX MB/s,Phase 1,4.31
HighGas,Geth - Lighthouse,Median Net RX MB/s,Phase 1,3.89
HighGas,Mainnet - Lighthouse,Median Net RX MB/s,Phase 1,4.11
HighGas,Nethermind - Lighthouse,Median Net RX MB/s,Phase 1,4.26
HighGas,Besu - Lighthouse,Median Net RX MB/s,Phase 2,8.20
HighGas,Equalweight - Lighthouse,Median Net RX MB/s,Phase 2,8.30
HighGas,Geth - Lighthouse,Median Net RX MB/s,Phase 2,8.34
HighGas,Mainnet - Lighthouse,Median Net RX MB/s,Phase 2,8.04
HighGas,Nethermind - Lighthouse,Median Net RX MB/s,Phase 2,8.23
HighGas,Besu - Lighthouse,Median Net TX MB/s,Phase 1,5.82
HighGas,Equalweight - Lighthouse,Median Net TX MB/s,Phase 1,5.36
HighGas,Geth - Lighthouse,Median Net TX MB/s,Phase 1,4.84
HighGas,Mainnet - Lighthouse,Median Net TX MB/s,Phase 1,5.12
HighGas,Nethermind - Lighthouse,Median Net TX MB/s,Phase 1,5.37
HighGas,Besu - Lighthouse,Median Net TX MB/s,Phase 2,10.59
HighGas,Equalweight - Lighthouse,Median Net TX MB/s,Phase 2,10.72
HighGas,Geth - Lighthouse,Median Net TX MB/s,Phase 2,10.69
HighGas,Mainnet - Lighthouse,Median Net TX MB/s,Phase 2,10.42
HighGas,Nethermind - Lighthouse,Median Net TX MB/s,Phase 2,10.62
HighGas,Besu - Lighthouse,Median RAM GB,Phase 1,8.61
HighGas,Equalweight - Lighthouse,Median RAM GB,Phase 1,5.16
HighGas,Geth - Lighthouse,Median RAM GB,Phase 1,1.41
HighGas,Mainnet - Lighthouse,Median RAM GB,Phase 1,4.56
HighGas,Nethermind - Lighthouse,Median RAM GB,Phase 1,7.03
HighGas,Besu - Lighthouse,Median RAM GB,Phase 2,9.76
HighGas,Equalweight - Lighthouse,Median RAM GB,Phase 2,5.48
HighGas,Geth - Lighthouse,Median RAM GB,Phase 2,2.07
HighGas,Mainnet - Lighthouse,Median RAM GB,Phase 2,4.53
HighGas,Nethermind - Lighthouse,Median RAM GB,Phase 2,5.40
HighGas,Besu - Lighthouse,Median RAM GB per node,Phase 1,0.7178
HighGas,Equalweight - Lighthouse,Median RAM GB per node,Phase 1,0.4304
HighGas,Geth - Lighthouse,Median RAM GB per node,Phase 1,0.1175
HighGas,Mainnet - Lighthouse,Median RAM GB per node,Phase 1,0.3804
HighGas,Nethermind - Lighthouse,Median RAM GB per node,Phase 1,0.5861
HighGas,Besu - Lighthouse,Median RAM GB per node,Phase 2,0.8134
HighGas,Equalweight - Lighthouse,Median RAM GB per node,Phase 2,0.4573
HighGas,Geth - Lighthouse,Median RAM GB per node,Phase 2,0.1728
HighGas,Mainnet - Lighthouse,Median RAM GB per node,Phase 2,0.3776
HighGas,Nethermind - Lighthouse,Median RAM GB per node,Phase 2,0.4502
HighGas,Besu - Lighthouse,Median Spam Confirmed,Phase 1,150.00
HighGas,Equalweight - Lighthouse,Median Spam Confirmed,Phase 1,148.00
HighGas,Geth - Lighthouse,Median Spam Confirmed,Phase 1,131.00
HighGas,Mainnet - Lighthouse,Median Spam Confirmed,Phase 1,148.00
HighGas,Nethermind - Lighthouse,Median Spam Confirmed,Phase 1,150.00
HighGas,Besu - Lighthouse,Median Spam Confirmed,Phase 2,119.00
HighGas,Equalweight - Lighthouse,Median Spam Confirmed,Phase 2,184.00
HighGas,Geth - Lighthouse,Median Spam Confirmed,Phase 2,175.00
HighGas,Mainnet - Lighthouse,Median Spam Confirmed,Phase 2,163.00
HighGas,Nethermind - Lighthouse,Median Spam Confirmed,Phase 2,185.00
HighGas,Besu - Lighthouse,Median Spam Pending,Phase 1,26.00
HighGas,Equalweight - Lighthouse,Median Spam Pending,Phase 1,30.00
HighGas,Geth - Lighthouse,Median Spam Pending,Phase 1,28.00
HighGas,Mainnet - Lighthouse,Median Spam Pending,Phase 1,12.00
HighGas,Nethermind - Lighthouse,Median Spam Pending,Phase 1,12.00
HighGas,Besu - Lighthouse,Median Spam Pending,Phase 2,335.00
HighGas,Equalweight - Lighthouse,Median Spam Pending,Phase 2,75.00
HighGas,Geth - Lighthouse,Median Spam Pending,Phase 2,54.00
HighGas,Mainnet - Lighthouse,Median Spam Pending,Phase 2,70.00
HighGas,Nethermind - Lighthouse,Median Spam Pending,Phase 2,55.00
HighGas,Besu - Lighthouse,Median Spam Submitted,Phase 1,151.00
HighGas,Equalweight - Lighthouse,Median Spam Submitted,Phase 1,150.00
HighGas,Geth - Lighthouse,Median Spam Submitted,Phase 1,113.00
HighGas,Mainnet - Lighthouse,Median Spam Submitted,Phase 1,150.00
HighGas,Nethermind - Lighthouse,Median Spam Submitted,Phase 1,150.00
HighGas,Besu - Lighthouse,Median Spam Submitted,Phase 2,164.00
HighGas,Equalweight - Lighthouse,Median Spam Submitted,Phase 2,163.00
HighGas,Geth - Lighthouse,Median Spam Submitted,Phase 2,163.00
HighGas,Mainnet - Lighthouse,Median Spam Submitted,Phase 2,164.00
HighGas,Nethermind - Lighthouse,Median Spam Submitted,Phase 2,163.00
HighGas,Besu - Lighthouse,Min Block Gas Used %,Phase 1,0.0000
HighGas,Equalweight - Lighthouse,Min Block Gas Used %,Phase 1,0.0000
HighGas,Geth - Lighthouse,Min Block Gas Used %,Phase 1,0.0000
HighGas,Mainnet - Lighthouse,Min Block Gas Used %,Phase 1,0.0000
HighGas,Nethermind - Lighthouse,Min Block Gas Used %,Phase 1,0.0000
HighGas,Besu - Lighthouse,Min Block Gas Used %,Phase 2,12.11
HighGas,Equalweight - Lighthouse,Min Block Gas Used %,Phase 2,48.21
HighGas,Geth - Lighthouse,Min Block Gas Used %,Phase 2,0.0000
HighGas,Mainnet - Lighthouse,Min Block Gas Used %,Phase 2,29.58
HighGas,Nethermind - Lighthouse,Min Block Gas Used %,Phase 2,48.98
HighGas,Besu - Lighthouse,Min Block Size kB,Phase 1,0.6132
HighGas,Equalweight - Lighthouse,Min Block Size kB,Phase 1,0.6191
HighGas,Geth - Lighthouse,Min Block Size kB,Phase 1,0.6259
HighGas,Mainnet - Lighthouse,Min Block Size kB,Phase 1,0.6191
HighGas,Nethermind - Lighthouse,Min Block Size kB,Phase 1,0.6191
HighGas,Besu - Lighthouse,Min Block Size kB,Phase 2,2.83
HighGas,Equalweight - Lighthouse,Min Block Size kB,Phase 2,4.26
HighGas,Geth - Lighthouse,Min Block Size kB,Phase 2,0.6259
HighGas,Mainnet - Lighthouse,Min Block Size kB,Phase 2,6.45
HighGas,Nethermind - Lighthouse,Min Block Size kB,Phase 2,5.72
HighGas,Besu - Lighthouse,Min CPU %,Phase 1,0.0000
HighGas,Equalweight - Lighthouse,Min CPU %,Phase 1,0.0000
HighGas,Geth - Lighthouse,Min CPU %,Phase 1,0.0000
HighGas,Mainnet - Lighthouse,Min CPU %,Phase 1,0.0000
HighGas,Nethermind - Lighthouse,Min CPU %,Phase 1,0.0000
HighGas,Besu - Lighthouse,Min CPU %,Phase 2,8.00
HighGas,Equalweight - Lighthouse,Min CPU %,Phase 2,13.00
HighGas,Geth - Lighthouse,Min CPU %,Phase 2,9.00
HighGas,Mainnet - Lighthouse,Min CPU %,Phase 2,13.00
HighGas,Nethermind - Lighthouse,Min CPU %,Phase 2,19.00
HighGas,Besu - Lighthouse,Min CPU % per node,Phase 1,0.0000
HighGas,Equalweight - Lighthouse,Min CPU % per node,Phase 1,0.0000
HighGas,Geth - Lighthouse,Min CPU % per node,Phase 1,0.0000
HighGas,Mainnet - Lighthouse,Min CPU % per node,Phase 1,0.0000
HighGas,Nethermind - Lighthouse,Min CPU % per node,Phase 1,0.0000
HighGas,Besu - Lighthouse,Min CPU % per node,Phase 2,0.6666
HighGas,Equalweight - Lighthouse,Min CPU % per node,Phase 2,1.08
HighGas,Geth - Lighthouse,Min CPU % per node,Phase 2,0.7500
HighGas,Mainnet - Lighthouse,Min CPU % per node,Phase 2,1.08
HighGas,Nethermind - Lighthouse,Min CPU % per node,Phase 2,1.58
HighGas,Besu - Lighthouse,Min Gas Gwei,Phase 1,2.04
HighGas,Equalweight - Lighthouse,Min Gas Gwei,Phase 1,2.03
HighGas,Geth - Lighthouse,Min Gas Gwei,Phase 1,2.02
HighGas,Mainnet - Lighthouse,Min Gas Gwei,Phase 1,2.03
HighGas,Nethermind - Lighthouse,Min Gas Gwei,Phase 1,2.04
HighGas,Besu - Lighthouse,Min Gas Gwei,Phase 2,2.03
HighGas,Equalweight - Lighthouse,Min Gas Gwei,Phase 2,2.03
HighGas,Geth - Lighthouse,Min Gas Gwei,Phase 2,2.02
HighGas,Mainnet - Lighthouse,Min Gas Gwei,Phase 2,2.02
HighGas,Nethermind - Lighthouse,Min Gas Gwei,Phase 2,2.03
HighGas,Besu - Lighthouse,Min Latency ms,Phase 1,730.00
HighGas,Equalweight - Lighthouse,Min Latency ms,Phase 1,175.00
HighGas,Geth - Lighthouse,Min Latency ms,Phase 1,2171.00
HighGas,Mainnet - Lighthouse,Min Latency ms,Phase 1,184.00
HighGas,Nethermind - Lighthouse,Min Latency ms,Phase 1,467.00
HighGas,Besu - Lighthouse,Min Latency ms,Phase 2,767.00
HighGas,Equalweight - Lighthouse,Min Latency ms,Phase 2,377.00
HighGas,Geth - Lighthouse,Min Latency ms,Phase 2,1990.00
HighGas,Mainnet - Lighthouse,Min Latency ms,Phase 2,525.00
HighGas,Nethermind - Lighthouse,Min Latency ms,Phase 2,488.00
HighGas,Besu - Lighthouse,Min Net RX MB/s,Phase 1,0.0227
HighGas,Equalweight - Lighthouse,Min Net RX MB/s,Phase 1,0.0081
HighGas,Geth - Lighthouse,Min Net RX MB/s,Phase 1,0.0020
HighGas,Mainnet - Lighthouse,Min Net RX MB/s,Phase 1,0.0122
HighGas,Nethermind - Lighthouse,Min Net RX MB/s,Phase 1,0.0029
HighGas,Besu - Lighthouse,Min Net RX MB/s,Phase 2,8.07
HighGas,Equalweight - Lighthouse,Min Net RX MB/s,Phase 2,8.19
HighGas,Geth - Lighthouse,Min Net RX MB/s,Phase 2,8.09
HighGas,Mainnet - Lighthouse,Min Net RX MB/s,Phase 2,7.88
HighGas,Nethermind - Lighthouse,Min Net RX MB/s,Phase 2,8.06
HighGas,Besu - Lighthouse,Min Net TX MB/s,Phase 1,0.1377
HighGas,Equalweight - Lighthouse,Min Net TX MB/s,Phase 1,0.0677
HighGas,Geth - Lighthouse,Min Net TX MB/s,Phase 1,0.0215
HighGas,Mainnet - Lighthouse,Min Net TX MB/s,Phase 1,0.0752
HighGas,Nethermind - Lighthouse,Min Net TX MB/s,Phase 1,0.0342
HighGas,Besu - Lighthouse,Min Net TX MB/s,Phase 2,10.18
HighGas,Equalweight - Lighthouse,Min Net TX MB/s,Phase 2,10.26
HighGas,Geth - Lighthouse,Min Net TX MB/s,Phase 2,10.02
HighGas,Mainnet - Lighthouse,Min Net TX MB/s,Phase 2,9.94
HighGas,Nethermind - Lighthouse,Min Net TX MB/s,Phase 2,10.12
HighGas,Besu - Lighthouse,Min RAM GB,Phase 1,6.35
HighGas,Equalweight - Lighthouse,Min RAM GB,Phase 1,4.68
HighGas,Geth - Lighthouse,Min RAM GB,Phase 1,0.8467
HighGas,Mainnet - Lighthouse,Min RAM GB,Phase 1,4.25
HighGas,Nethermind - Lighthouse,Min RAM GB,Phase 1,4.81
HighGas,Besu - Lighthouse,Min RAM GB,Phase 2,8.95
HighGas,Equalweight - Lighthouse,Min RAM GB,Phase 2,5.04
HighGas,Geth - Lighthouse,Min RAM GB,Phase 2,1.76
HighGas,Mainnet - Lighthouse,Min RAM GB,Phase 2,4.30
HighGas,Nethermind - Lighthouse,Min RAM GB,Phase 2,5.09
HighGas,Besu - Lighthouse,Min RAM GB per node,Phase 1,0.5298
HighGas,Equalweight - Lighthouse,Min RAM GB per node,Phase 1,0.3905
HighGas,Geth - Lighthouse,Min RAM GB per node,Phase 1,0.0705
HighGas,Mainnet - Lighthouse,Min RAM GB per node,Phase 1,0.3543
HighGas,Nethermind - Lighthouse,Min RAM GB per node,Phase 1,0.4012
HighGas,Besu - Lighthouse,Min RAM GB per node,Phase 2,0.7464
HighGas,Equalweight - Lighthouse,Min RAM GB per node,Phase 2,0.4202
HighGas,Geth - Lighthouse,Min RAM GB per node,Phase 2,0.1468
HighGas,Mainnet - Lighthouse,Min RAM GB per node,Phase 2,0.3589
HighGas,Nethermind - Lighthouse,Min RAM GB per node,Phase 2,0.4248
HighGas,Besu - Lighthouse,Min Spam Confirmed,Phase 1,0.0000
HighGas,Equalweight - Lighthouse,Min Spam Confirmed,Phase 1,0.0000
HighGas,Geth - Lighthouse,Min Spam Confirmed,Phase 1,0.0000
HighGas,Mainnet - Lighthouse,Min Spam Confirmed,Phase 1,0.0000
HighGas,Nethermind - Lighthouse,Min Spam Confirmed,Phase 1,0.0000
HighGas,Besu - Lighthouse,Min Spam Confirmed,Phase 2,15.00
HighGas,Equalweight - Lighthouse,Min Spam Confirmed,Phase 2,25.00
HighGas,Geth - Lighthouse,Min Spam Confirmed,Phase 2,0.0000
HighGas,Mainnet - Lighthouse,Min Spam Confirmed,Phase 2,42.00
HighGas,Nethermind - Lighthouse,Min Spam Confirmed,Phase 2,36.00
HighGas,Besu - Lighthouse,Min Spam Pending,Phase 1,0.0000
HighGas,Equalweight - Lighthouse,Min Spam Pending,Phase 1,0.0000
HighGas,Geth - Lighthouse,Min Spam Pending,Phase 1,0.0000
HighGas,Mainnet - Lighthouse,Min Spam Pending,Phase 1,0.0000
HighGas,Nethermind - Lighthouse,Min Spam Pending,Phase 1,0.0000
HighGas,Besu - Lighthouse,Min Spam Pending,Phase 2,33.00
HighGas,Equalweight - Lighthouse,Min Spam Pending,Phase 2,0.0000
HighGas,Geth - Lighthouse,Min Spam Pending,Phase 2,0.0000
HighGas,Mainnet - Lighthouse,Min Spam Pending,Phase 2,1.00
HighGas,Nethermind - Lighthouse,Min Spam Pending,Phase 2,0.0000
HighGas,Besu - Lighthouse,Min Spam Submitted,Phase 1,0.0000
HighGas,Equalweight - Lighthouse,Min Spam Submitted,Phase 1,0.0000
HighGas,Geth - Lighthouse,Min Spam Submitted,Phase 1,0.0000
HighGas,Mainnet - Lighthouse,Min Spam Submitted,Phase 1,0.0000
HighGas,Nethermind - Lighthouse,Min Spam Submitted,Phase 1,0.0000
HighGas,Besu - Lighthouse,Min Spam Submitted,Phase 2,127.00
HighGas,Equalweight - Lighthouse,Min Spam Submitted,Phase 2,0.0000
HighGas,Geth - Lighthouse,Min Spam Submitted,Phase 2,0.0000
HighGas,Mainnet - Lighthouse,Min Spam Submitted,Phase 2,0.0000
HighGas,Nethermind - Lighthouse,Min Spam Submitted,Phase 2,0.0000
HighGas,Besu - Lighthouse,TPS,Phase 1,11.93
HighGas,Equalweight - Lighthouse,TPS,Phase 1,9.80
HighGas,Geth - Lighthouse,TPS,Phase 1,6.79
HighGas,Mainnet - Lighthouse,TPS,Phase 1,8.54
HighGas,Nethermind - Lighthouse,TPS,Phase 1,11.53
HighGas,Besu - Lighthouse,TPS,Phase 2,13.10
HighGas,Equalweight - Lighthouse,TPS,Phase 2,13.60
HighGas,Geth - Lighthouse,TPS,Phase 2,13.38
HighGas,Mainnet - Lighthouse,TPS,Phase 2,13.61
HighGas,Nethermind - Lighthouse,TPS,Phase 2,13.66
HighGas,Besu - Lighthouse,TX Count,Phase 1,4298.00
HighGas,Equalweight - Lighthouse,TX Count,Phase 1,3529.00
HighGas,Geth - Lighthouse,TX Count,Phase 1,2445.00
HighGas,Mainnet - Lighthouse,TX Count,Phase 1,3075.00
HighGas,Nethermind - Lighthouse,TX Count,Phase 1,4153.00
HighGas,Besu - Lighthouse,TX Count,Phase 2,5032.00
HighGas,Equalweight - Lighthouse,TX Count,Phase 2,5225.00
HighGas,Geth - Lighthouse,TX Count,Phase 2,5138.00
HighGas,Mainnet - Lighthouse,TX Count,Phase 2,5229.00
HighGas,Nethermind - Lighthouse,TX Count,Phase 2,5249.00
HighGas,Besu - Lighthouse,Total Gas Used,Phase 1,157589942.00
HighGas,Equalweight - Lighthouse,Total Gas Used,Phase 1,131832381.00
HighGas,Geth - Lighthouse,Total Gas Used,Phase 1,94751511.00
HighGas,Mainnet - Lighthouse,Total Gas Used,Phase 1,116310141.00
HighGas,Nethermind - Lighthouse,Total Gas Used,Phase 1,152979951.00
HighGas,Besu - Lighthouse,Total Gas Used,Phase 2,1441379819.00
HighGas,Equalweight - Lighthouse,Total Gas Used,Phase 2,1451129330.00
HighGas,Geth - Lighthouse,Total Gas Used,Phase 2,1424400020.00
HighGas,Mainnet - Lighthouse,Total Gas Used,Phase 2,1448274251.00
HighGas,Nethermind - Lighthouse,Total Gas Used,Phase 2,1457869330.00
HighGas,Besu - Lighthouse,Total Spam Submitted,Phase 1,4322.00
HighGas,Equalweight - Lighthouse,Total Spam Submitted,Phase 1,3562.00
HighGas,Geth - Lighthouse,Total Spam Submitted,Phase 1,2472.00
HighGas,Mainnet - Lighthouse,Total Spam Submitted,Phase 1,3111.00
HighGas,Nethermind - Lighthouse,Total Spam Submitted,Phase 1,4164.00
HighGas,Besu - Lighthouse,Total Spam Submitted,Phase 2,5336.00
HighGas,Equalweight - Lighthouse,Total Spam Submitted,Phase 2,5191.00
HighGas,Geth - Lighthouse,Total Spam Submitted,Phase 2,5110.00
HighGas,Mainnet - Lighthouse,Total Spam Submitted,Phase 2,5192.00
HighGas,Nethermind - Lighthouse,Total Spam Submitted,Phase 2,5231.00
HighGas,Besu - Lighthouse,Total Spam Submitted (1-64),1-64,9658.00
HighGas,Equalweight - Lighthouse,Total Spam Submitted (1-64),1-64,8753.00
HighGas,Geth - Lighthouse,Total Spam Submitted (1-64),1-64,7582.00
HighGas,Mainnet - Lighthouse,Total Spam Submitted (1-64),1-64,8303.00
HighGas,Nethermind - Lighthouse,Total Spam Submitted (1-64),1-64,9395.00
HighGas,Besu - Lighthouse,Total TX Count (1-64),1-64,9330.00
HighGas,Equalweight - Lighthouse,Total TX Count (1-64),1-64,8754.00
HighGas,Geth - Lighthouse,Total TX Count (1-64),1-64,7583.00
HighGas,Mainnet - Lighthouse,Total TX Count (1-64),1-64,8304.00
HighGas,Nethermind - Lighthouse,Total TX Count (1-64),1-64,9402.00
MaxTx,Besu - Lighthouse,Avg Block Gas Used %,Phase 1,13.74
MaxTx,Equalweight - Lighthouse,Avg Block Gas Used %,Phase 1,16.17
MaxTx,Geth - Lighthouse,Avg Block Gas Used %,Phase 1,16.14
MaxTx,Mainnet - Lighthouse,Avg Block Gas Used %,Phase 1,15.39
MaxTx,Nethermind - Lighthouse,Avg Block Gas Used %,Phase 1,15.16
MaxTx,Besu - Lighthouse,Avg Block Gas Used %,Phase 2,99.98
MaxTx,Equalweight - Lighthouse,Avg Block Gas Used %,Phase 2,74.88
MaxTx,Geth - Lighthouse,Avg Block Gas Used %,Phase 2,98.19
MaxTx,Mainnet - Lighthouse,Avg Block Gas Used %,Phase 2,78.62
MaxTx,Nethermind - Lighthouse,Avg Block Gas Used %,Phase 2,39.80
MaxTx,Besu - Lighthouse,Avg Block Size kB,Phase 1,21.02
MaxTx,Equalweight - Lighthouse,Avg Block Size kB,Phase 1,27.36
MaxTx,Geth - Lighthouse,Avg Block Size kB,Phase 1,27.35
MaxTx,Mainnet - Lighthouse,Avg Block Size kB,Phase 1,25.98
MaxTx,Nethermind - Lighthouse,Avg Block Size kB,Phase 1,25.33
MaxTx,Besu - Lighthouse,Avg Block Size kB,Phase 2,240.72
MaxTx,Equalweight - Lighthouse,Avg Block Size kB,Phase 2,178.26
MaxTx,Geth - Lighthouse,Avg Block Size kB,Phase 2,235.82
MaxTx,Mainnet - Lighthouse,Avg Block Size kB,Phase 2,187.39
MaxTx,Nethermind - Lighthouse,Avg Block Size kB,Phase 2,91.48
MaxTx,Besu - Lighthouse,Avg CPU %,Phase 1,180.91
MaxTx,Equalweight - Lighthouse,Avg CPU %,Phase 1,88.82
MaxTx,Geth - Lighthouse,Avg CPU %,Phase 1,29.55
MaxTx,Mainnet - Lighthouse,Avg CPU %,Phase 1,64.68
MaxTx,Nethermind - Lighthouse,Avg CPU %,Phase 1,76.45
MaxTx,Besu - Lighthouse,Avg CPU %,Phase 2,722.39
MaxTx,Equalweight - Lighthouse,Avg CPU %,Phase 2,293.97
MaxTx,Geth - Lighthouse,Avg CPU %,Phase 2,272.79
MaxTx,Mainnet - Lighthouse,Avg CPU %,Phase 2,241.20
MaxTx,Nethermind - Lighthouse,Avg CPU %,Phase 2,173.86
MaxTx,Besu - Lighthouse,Avg CPU % per node,Phase 1,15.07
MaxTx,Equalweight - Lighthouse,Avg CPU % per node,Phase 1,7.40
MaxTx,Geth - Lighthouse,Avg CPU % per node,Phase 1,2.46
MaxTx,Mainnet - Lighthouse,Avg CPU % per node,Phase 1,5.39
MaxTx,Nethermind - Lighthouse,Avg CPU % per node,Phase 1,6.37
MaxTx,Besu - Lighthouse,Avg CPU % per node,Phase 2,60.19
MaxTx,Equalweight - Lighthouse,Avg CPU % per node,Phase 2,24.49
MaxTx,Geth - Lighthouse,Avg CPU % per node,Phase 2,22.73
MaxTx,Mainnet - Lighthouse,Avg CPU % per node,Phase 2,20.10
MaxTx,Nethermind - Lighthouse,Avg CPU % per node,Phase 2,14.48
MaxTx,Besu - Lighthouse,Avg Gas Gwei,Phase 1,2.89
MaxTx,Equalweight - Lighthouse,Avg Gas Gwei,Phase 1,2.48
MaxTx,Geth - Lighthouse,Avg Gas Gwei,Phase 1,2.62
MaxTx,Mainnet - Lighthouse,Avg Gas Gwei,Phase 1,2.46
MaxTx,Nethermind - Lighthouse,Avg Gas Gwei,Phase 1,2.62
MaxTx,Besu - Lighthouse,Avg Gas Gwei,Phase 2,2.51
MaxTx,Equalweight - Lighthouse,Avg Gas Gwei,Phase 2,2.12
MaxTx,Geth - Lighthouse,Avg Gas Gwei,Phase 2,2.59
MaxTx,Mainnet - Lighthouse,Avg Gas Gwei,Phase 2,2.18
MaxTx,Nethermind - Lighthouse,Avg Gas Gwei,Phase 2,2.02
MaxTx,Besu - Lighthouse,Avg Latency ms,Phase 1,6966.26
MaxTx,Equalweight - Lighthouse,Avg Latency ms,Phase 1,7146.68
MaxTx,Geth - Lighthouse,Avg Latency ms,Phase 1,8522.55
MaxTx,Mainnet - Lighthouse,Avg Latency ms,Phase 1,7705.07
MaxTx,Nethermind - Lighthouse,Avg Latency ms,Phase 1,6914.64
MaxTx,Besu - Lighthouse,Avg Latency ms,Phase 2,117450.01
MaxTx,Equalweight - Lighthouse,Avg Latency ms,Phase 2,29028.97
MaxTx,Geth - Lighthouse,Avg Latency ms,Phase 2,21044.83
MaxTx,Mainnet - Lighthouse,Avg Latency ms,Phase 2,28059.57
MaxTx,Nethermind - Lighthouse,Avg Latency ms,Phase 2,51242.41
MaxTx,Besu - Lighthouse,Avg Net RX MB/s,Phase 1,4.76
MaxTx,Equalweight - Lighthouse,Avg Net RX MB/s,Phase 1,4.13
MaxTx,Geth - Lighthouse,Avg Net RX MB/s,Phase 1,4.04
MaxTx,Mainnet - Lighthouse,Avg Net RX MB/s,Phase 1,4.09
MaxTx,Nethermind - Lighthouse,Avg Net RX MB/s,Phase 1,4.24
MaxTx,Besu - Lighthouse,Avg Net RX MB/s,Phase 2,10.16
MaxTx,Equalweight - Lighthouse,Avg Net RX MB/s,Phase 2,8.74
MaxTx,Geth - Lighthouse,Avg Net RX MB/s,Phase 2,9.44
MaxTx,Mainnet - Lighthouse,Avg Net RX MB/s,Phase 2,9.19
MaxTx,Nethermind - Lighthouse,Avg Net RX MB/s,Phase 2,8.36
MaxTx,Besu - Lighthouse,Avg Net TX MB/s,Phase 1,5.93
MaxTx,Equalweight - Lighthouse,Avg Net TX MB/s,Phase 1,5.23
MaxTx,Geth - Lighthouse,Avg Net TX MB/s,Phase 1,5.12
MaxTx,Mainnet - Lighthouse,Avg Net TX MB/s,Phase 1,5.16
MaxTx,Nethermind - Lighthouse,Avg Net TX MB/s,Phase 1,5.33
MaxTx,Besu - Lighthouse,Avg Net TX MB/s,Phase 2,14.78
MaxTx,Equalweight - Lighthouse,Avg Net TX MB/s,Phase 2,12.46
MaxTx,Geth - Lighthouse,Avg Net TX MB/s,Phase 2,13.83
MaxTx,Mainnet - Lighthouse,Avg Net TX MB/s,Phase 2,13.33
MaxTx,Nethermind - Lighthouse,Avg Net TX MB/s,Phase 2,11.42
MaxTx,Besu - Lighthouse,Avg RAM GB,Phase 1,8.71
MaxTx,Equalweight - Lighthouse,Avg RAM GB,Phase 1,5.24
MaxTx,Geth - Lighthouse,Avg RAM GB,Phase 1,1.52
MaxTx,Mainnet - Lighthouse,Avg RAM GB,Phase 1,4.61
MaxTx,Nethermind - Lighthouse,Avg RAM GB,Phase 1,6.65
MaxTx,Besu - Lighthouse,Avg RAM GB,Phase 2,16.10
MaxTx,Equalweight - Lighthouse,Avg RAM GB,Phase 2,7.99
MaxTx,Geth - Lighthouse,Avg RAM GB,Phase 2,5.02
MaxTx,Mainnet - Lighthouse,Avg RAM GB,Phase 2,7.43
MaxTx,Nethermind - Lighthouse,Avg RAM GB,Phase 2,7.25
MaxTx,Besu - Lighthouse,Avg RAM GB per node,Phase 1,0.7261
MaxTx,Equalweight - Lighthouse,Avg RAM GB per node,Phase 1,0.4374
MaxTx,Geth - Lighthouse,Avg RAM GB per node,Phase 1,0.1272
MaxTx,Mainnet - Lighthouse,Avg RAM GB per node,Phase 1,0.3841
MaxTx,Nethermind - Lighthouse,Avg RAM GB per node,Phase 1,0.5543
MaxTx,Besu - Lighthouse,Avg RAM GB per node,Phase 2,1.34
MaxTx,Equalweight - Lighthouse,Avg RAM GB per node,Phase 2,0.6660
MaxTx,Geth - Lighthouse,Avg RAM GB per node,Phase 2,0.4185
MaxTx,Mainnet - Lighthouse,Avg RAM GB per node,Phase 2,0.6197
MaxTx,Nethermind - Lighthouse,Avg RAM GB per node,Phase 2,0.6045
MaxTx,Besu - Lighthouse,Avg Spam Confirmed,Phase 1,137.96
MaxTx,Equalweight - Lighthouse,Avg Spam Confirmed,Phase 1,194.12
MaxTx,Geth - Lighthouse,Avg Spam Confirmed,Phase 1,194.16
MaxTx,Mainnet - Lighthouse,Avg Spam Confirmed,Phase 1,184.19
MaxTx,Nethermind - Lighthouse,Avg Spam Confirmed,Phase 1,178.38
MaxTx,Besu - Lighthouse,Avg Spam Confirmed,Phase 2,2057.96
MaxTx,Equalweight - Lighthouse,Avg Spam Confirmed,Phase 2,1514.12
MaxTx,Geth - Lighthouse,Avg Spam Confirmed,Phase 2,2013.48
MaxTx,Mainnet - Lighthouse,Avg Spam Confirmed,Phase 2,1592.87
MaxTx,Nethermind - Lighthouse,Avg Spam Confirmed,Phase 2,760.30
MaxTx,Besu - Lighthouse,Avg Spam Pending,Phase 1,30.90
MaxTx,Equalweight - Lighthouse,Avg Spam Pending,Phase 1,106.64
MaxTx,Geth - Lighthouse,Avg Spam Pending,Phase 1,107.87
MaxTx,Mainnet - Lighthouse,Avg Spam Pending,Phase 1,88.25
MaxTx,Nethermind - Lighthouse,Avg Spam Pending,Phase 1,89.29
MaxTx,Besu - Lighthouse,Avg Spam Pending,Phase 2,2331.69
MaxTx,Equalweight - Lighthouse,Avg Spam Pending,Phase 2,2815.93
MaxTx,Geth - Lighthouse,Avg Spam Pending,Phase 2,2253.66
MaxTx,Mainnet - Lighthouse,Avg Spam Pending,Phase 2,2761.12
MaxTx,Nethermind - Lighthouse,Avg Spam Pending,Phase 2,3478.12
MaxTx,Besu - Lighthouse,Avg Spam Submitted,Phase 1,139.29
MaxTx,Equalweight - Lighthouse,Avg Spam Submitted,Phase 1,264.67
MaxTx,Geth - Lighthouse,Avg Spam Submitted,Phase 1,264.51
MaxTx,Mainnet - Lighthouse,Avg Spam Submitted,Phase 1,253.83
MaxTx,Nethermind - Lighthouse,Avg Spam Submitted,Phase 1,248.67
MaxTx,Besu - Lighthouse,Avg Spam Submitted,Phase 2,2120.75
MaxTx,Equalweight - Lighthouse,Avg Spam Submitted,Phase 2,1479.33
MaxTx,Geth - Lighthouse,Avg Spam Submitted,Phase 2,1947.39
MaxTx,Mainnet - Lighthouse,Avg Spam Submitted,Phase 2,1534.33
MaxTx,Nethermind - Lighthouse,Avg Spam Submitted,Phase 2,785.66
MaxTx,Besu - Lighthouse,Max Block Gas Used %,Phase 1,89.73
MaxTx,Equalweight - Lighthouse,Max Block Gas Used %,Phase 1,98.92
MaxTx,Geth - Lighthouse,Max Block Gas Used %,Phase 1,99.96
MaxTx,Mainnet - Lighthouse,Max Block Gas Used %,Phase 1,98.12
MaxTx,Nethermind - Lighthouse,Max Block Gas Used %,Phase 1,98.56
MaxTx,Besu - Lighthouse,Max Block Gas Used %,Phase 2,99.99
MaxTx,Equalweight - Lighthouse,Max Block Gas Used %,Phase 2,99.99
MaxTx,Geth - Lighthouse,Max Block Gas Used %,Phase 2,99.98
MaxTx,Mainnet - Lighthouse,Max Block Gas Used %,Phase 2,99.99
MaxTx,Nethermind - Lighthouse,Max Block Gas Used %,Phase 2,62.41
MaxTx,Besu - Lighthouse,Max Block Size kB,Phase 1,54.98
MaxTx,Equalweight - Lighthouse,Max Block Size kB,Phase 1,239.12
MaxTx,Geth - Lighthouse,Max Block Size kB,Phase 1,242.16
MaxTx,Mainnet - Lighthouse,Max Block Size kB,Phase 1,238.53
MaxTx,Nethermind - Lighthouse,Max Block Size kB,Phase 1,238.86
MaxTx,Besu - Lighthouse,Max Block Size kB,Phase 2,247.42
MaxTx,Equalweight - Lighthouse,Max Block Size kB,Phase 2,247.43
MaxTx,Geth - Lighthouse,Max Block Size kB,Phase 2,243.68
MaxTx,Mainnet - Lighthouse,Max Block Size kB,Phase 2,247.44
MaxTx,Nethermind - Lighthouse,Max Block Size kB,Phase 2,145.80
MaxTx,Besu - Lighthouse,Max CPU %,Phase 1,1825.00
MaxTx,Equalweight - Lighthouse,Max CPU %,Phase 1,849.00
MaxTx,Geth - Lighthouse,Max CPU %,Phase 1,355.00
MaxTx,Mainnet - Lighthouse,Max CPU %,Phase 1,588.00
MaxTx,Nethermind - Lighthouse,Max CPU %,Phase 1,954.00
MaxTx,Besu - Lighthouse,Max CPU %,Phase 2,1856.00
MaxTx,Equalweight - Lighthouse,Max CPU %,Phase 2,1576.00
MaxTx,Geth - Lighthouse,Max CPU %,Phase 2,1207.00
MaxTx,Mainnet - Lighthouse,Max CPU %,Phase 2,1168.00
MaxTx,Nethermind - Lighthouse,Max CPU %,Phase 2,944.00
MaxTx,Besu - Lighthouse,Max CPU % per node,Phase 1,152.08
MaxTx,Equalweight - Lighthouse,Max CPU % per node,Phase 1,70.75
MaxTx,Geth - Lighthouse,Max CPU % per node,Phase 1,29.58
MaxTx,Mainnet - Lighthouse,Max CPU % per node,Phase 1,49.00
MaxTx,Nethermind - Lighthouse,Max CPU % per node,Phase 1,79.50
MaxTx,Besu - Lighthouse,Max CPU % per node,Phase 2,154.66
MaxTx,Equalweight - Lighthouse,Max CPU % per node,Phase 2,131.33
MaxTx,Geth - Lighthouse,Max CPU % per node,Phase 2,100.58
MaxTx,Mainnet - Lighthouse,Max CPU % per node,Phase 2,97.33
MaxTx,Nethermind - Lighthouse,Max CPU % per node,Phase 2,78.66
MaxTx,Besu - Lighthouse,Max Gas Gwei,Phase 1,200.76
MaxTx,Equalweight - Lighthouse,Max Gas Gwei,Phase 1,100.04
MaxTx,Geth - Lighthouse,Max Gas Gwei,Phase 1,200.76
MaxTx,Mainnet - Lighthouse,Max Gas Gwei,Phase 1,100.04
MaxTx,Nethermind - Lighthouse,Max Gas Gwei,Phase 1,200.76
MaxTx,Besu - Lighthouse,Max Gas Gwei,Phase 2,3.94
MaxTx,Equalweight - Lighthouse,Max Gas Gwei,Phase 2,2.35
MaxTx,Geth - Lighthouse,Max Gas Gwei,Phase 2,4.33
MaxTx,Mainnet - Lighthouse,Max Gas Gwei,Phase 2,2.39
MaxTx,Nethermind - Lighthouse,Max Gas Gwei,Phase 2,2.04
MaxTx,Besu - Lighthouse,Max Latency ms,Phase 1,26646.00
MaxTx,Equalweight - Lighthouse,Max Latency ms,Phase 1,14214.00
MaxTx,Geth - Lighthouse,Max Latency ms,Phase 1,46055.00
MaxTx,Mainnet - Lighthouse,Max Latency ms,Phase 1,14380.00
MaxTx,Nethermind - Lighthouse,Max Latency ms,Phase 1,71758.00
MaxTx,Besu - Lighthouse,Max Latency ms,Phase 2,212608.00
MaxTx,Equalweight - Lighthouse,Max Latency ms,Phase 2,99750.00
MaxTx,Geth - Lighthouse,Max Latency ms,Phase 2,31057.00
MaxTx,Mainnet - Lighthouse,Max Latency ms,Phase 2,77652.00
MaxTx,Nethermind - Lighthouse,Max Latency ms,Phase 2,131255.00
MaxTx,Besu - Lighthouse,Max Net RX MB/s,Phase 1,8.39
MaxTx,Equalweight - Lighthouse,Max Net RX MB/s,Phase 1,7.77
MaxTx,Geth - Lighthouse,Max Net RX MB/s,Phase 1,7.99
MaxTx,Mainnet - Lighthouse,Max Net RX MB/s,Phase 1,7.97
MaxTx,Nethermind - Lighthouse,Max Net RX MB/s,Phase 1,7.94
MaxTx,Besu - Lighthouse,Max Net RX MB/s,Phase 2,11.36
MaxTx,Equalweight - Lighthouse,Max Net RX MB/s,Phase 2,9.73
MaxTx,Geth - Lighthouse,Max Net RX MB/s,Phase 2,10.64
MaxTx,Mainnet - Lighthouse,Max Net RX MB/s,Phase 2,10.03
MaxTx,Nethermind - Lighthouse,Max Net RX MB/s,Phase 2,8.74
MaxTx,Besu - Lighthouse,Max Net TX MB/s,Phase 1,10.49
MaxTx,Equalweight - Lighthouse,Max Net TX MB/s,Phase 1,9.80
MaxTx,Geth - Lighthouse,Max Net TX MB/s,Phase 1,10.02
MaxTx,Mainnet - Lighthouse,Max Net TX MB/s,Phase 1,10.02
MaxTx,Nethermind - Lighthouse,Max Net TX MB/s,Phase 1,9.98
MaxTx,Besu - Lighthouse,Max Net TX MB/s,Phase 2,17.48
MaxTx,Equalweight - Lighthouse,Max Net TX MB/s,Phase 2,15.07
MaxTx,Geth - Lighthouse,Max Net TX MB/s,Phase 2,16.70
MaxTx,Mainnet - Lighthouse,Max Net TX MB/s,Phase 2,15.55
MaxTx,Nethermind - Lighthouse,Max Net TX MB/s,Phase 2,12.69
MaxTx,Besu - Lighthouse,Max RAM GB,Phase 1,11.51
MaxTx,Equalweight - Lighthouse,Max RAM GB,Phase 1,5.79
MaxTx,Geth - Lighthouse,Max RAM GB,Phase 1,2.04
MaxTx,Mainnet - Lighthouse,Max RAM GB,Phase 1,4.99
MaxTx,Nethermind - Lighthouse,Max RAM GB,Phase 1,7.40
MaxTx,Besu - Lighthouse,Max RAM GB,Phase 2,18.57
MaxTx,Equalweight - Lighthouse,Max RAM GB,Phase 2,10.54
MaxTx,Geth - Lighthouse,Max RAM GB,Phase 2,7.48
MaxTx,Mainnet - Lighthouse,Max RAM GB,Phase 2,9.33
MaxTx,Nethermind - Lighthouse,Max RAM GB,Phase 2,8.52
MaxTx,Besu - Lighthouse,Max RAM GB per node,Phase 1,0.9598
MaxTx,Equalweight - Lighthouse,Max RAM GB per node,Phase 1,0.4832
MaxTx,Geth - Lighthouse,Max RAM GB per node,Phase 1,0.1705
MaxTx,Mainnet - Lighthouse,Max RAM GB per node,Phase 1,0.4162
MaxTx,Nethermind - Lighthouse,Max RAM GB per node,Phase 1,0.6167
MaxTx,Besu - Lighthouse,Max RAM GB per node,Phase 2,1.54
MaxTx,Equalweight - Lighthouse,Max RAM GB per node,Phase 2,0.8786
MaxTx,Geth - Lighthouse,Max RAM GB per node,Phase 2,0.6239
MaxTx,Mainnet - Lighthouse,Max RAM GB per node,Phase 2,0.7781
MaxTx,Nethermind - Lighthouse,Max RAM GB per node,Phase 2,0.7100
MaxTx,Besu - Lighthouse,Max Spam Confirmed,Phase 1,151.00
MaxTx,Equalweight - Lighthouse,Max Spam Confirmed,Phase 1,2048.00
MaxTx,Geth - Lighthouse,Max Spam Confirmed,Phase 1,2076.00
MaxTx,Mainnet - Lighthouse,Max Spam Confirmed,Phase 1,2048.00
MaxTx,Nethermind - Lighthouse,Max Spam Confirmed,Phase 1,2048.00
MaxTx,Besu - Lighthouse,Max Spam Confirmed,Phase 2,2142.00
MaxTx,Equalweight - Lighthouse,Max Spam Confirmed,Phase 2,2142.00
MaxTx,Geth - Lighthouse,Max Spam Confirmed,Phase 2,2095.00
MaxTx,Mainnet - Lighthouse,Max Spam Confirmed,Phase 2,2142.00
MaxTx,Nethermind - Lighthouse,Max Spam Confirmed,Phase 2,1226.00
MaxTx,Besu - Lighthouse,Max Spam Pending,Phase 1,42.00
MaxTx,Equalweight - Lighthouse,Max Spam Pending,Phase 1,2187.00
MaxTx,Geth - Lighthouse,Max Spam Pending,Phase 1,2181.00
MaxTx,Mainnet - Lighthouse,Max Spam Pending,Phase 1,2159.00
MaxTx,Nethermind - Lighthouse,Max Spam Pending,Phase 1,2181.00
MaxTx,Besu - Lighthouse,Max Spam Pending,Phase 2,3071.00
MaxTx,Equalweight - Lighthouse,Max Spam Pending,Phase 2,4159.00
MaxTx,Geth - Lighthouse,Max Spam Pending,Phase 2,2431.00
MaxTx,Mainnet - Lighthouse,Max Spam Pending,Phase 2,4202.00
MaxTx,Nethermind - Lighthouse,Max Spam Pending,Phase 2,4038.00
MaxTx,Besu - Lighthouse,Max Spam Submitted,Phase 1,152.00
MaxTx,Equalweight - Lighthouse,Max Spam Submitted,Phase 1,4190.00
MaxTx,Geth - Lighthouse,Max Spam Submitted,Phase 1,4224.00
MaxTx,Mainnet - Lighthouse,Max Spam Submitted,Phase 1,4192.00
MaxTx,Nethermind - Lighthouse,Max Spam Submitted,Phase 1,4197.00
MaxTx,Besu - Lighthouse,Max Spam Submitted,Phase 2,3713.00
MaxTx,Equalweight - Lighthouse,Max Spam Submitted,Phase 2,2268.00
MaxTx,Geth - Lighthouse,Max Spam Submitted,Phase 2,2172.00
MaxTx,Mainnet - Lighthouse,Max Spam Submitted,Phase 2,2319.00
MaxTx,Nethermind - Lighthouse,Max Spam Submitted,Phase 2,2054.00
MaxTx,Besu - Lighthouse,Median Block Gas Used %,Phase 1,11.40
MaxTx,Equalweight - Lighthouse,Median Block Gas Used %,Phase 1,11.40
MaxTx,Geth - Lighthouse,Median Block Gas Used %,Phase 1,11.40
MaxTx,Mainnet - Lighthouse,Median Block Gas Used %,Phase 1,11.40
MaxTx,Nethermind - Lighthouse,Median Block Gas Used %,Phase 1,11.40
MaxTx,Besu - Lighthouse,Median Block Gas Used %,Phase 2,99.99
MaxTx,Equalweight - Lighthouse,Median Block Gas Used %,Phase 2,99.96
MaxTx,Geth - Lighthouse,Median Block Gas Used %,Phase 2,99.97
MaxTx,Mainnet - Lighthouse,Median Block Gas Used %,Phase 2,99.96
MaxTx,Nethermind - Lighthouse,Median Block Gas Used %,Phase 2,42.06
MaxTx,Besu - Lighthouse,Median Block Size kB,Phase 1,21.21
MaxTx,Equalweight - Lighthouse,Median Block Size kB,Phase 1,21.22
MaxTx,Geth - Lighthouse,Median Block Size kB,Phase 1,21.23
MaxTx,Mainnet - Lighthouse,Median Block Size kB,Phase 1,21.21
MaxTx,Nethermind - Lighthouse,Median Block Size kB,Phase 1,21.22
MaxTx,Besu - Lighthouse,Median Block Size kB,Phase 2,240.23
MaxTx,Equalweight - Lighthouse,Median Block Size kB,Phase 2,235.16
MaxTx,Geth - Lighthouse,Median Block Size kB,Phase 2,239.76
MaxTx,Mainnet - Lighthouse,Median Block Size kB,Phase 2,239.09
MaxTx,Nethermind - Lighthouse,Median Block Size kB,Phase 2,96.92
MaxTx,Besu - Lighthouse,Median CPU %,Phase 1,93.00
MaxTx,Equalweight - Lighthouse,Median CPU %,Phase 1,52.00
MaxTx,Geth - Lighthouse,Median CPU %,Phase 1,26.00
MaxTx,Mainnet - Lighthouse,Median CPU %,Phase 1,40.00
MaxTx,Nethermind - Lighthouse,Median CPU %,Phase 1,49.00
MaxTx,Besu - Lighthouse,Median CPU %,Phase 2,774.50
MaxTx,Equalweight - Lighthouse,Median CPU %,Phase 2,212.00
MaxTx,Geth - Lighthouse,Median CPU %,Phase 2,320.00
MaxTx,Mainnet - Lighthouse,Median CPU %,Phase 2,234.50
MaxTx,Nethermind - Lighthouse,Median CPU %,Phase 2,55.00
MaxTx,Besu - Lighthouse,Median CPU % per node,Phase 1,7.75
MaxTx,Equalweight - Lighthouse,Median CPU % per node,Phase 1,4.33
MaxTx,Geth - Lighthouse,Median CPU % per node,Phase 1,2.16
MaxTx,Mainnet - Lighthouse,Median CPU % per node,Phase 1,3.33
MaxTx,Nethermind - Lighthouse,Median CPU % per node,Phase 1,4.08
MaxTx,Besu - Lighthouse,Median CPU % per node,Phase 2,64.54
MaxTx,Equalweight - Lighthouse,Median CPU % per node,Phase 2,17.66
MaxTx,Geth - Lighthouse,Median CPU % per node,Phase 2,26.66
MaxTx,Mainnet - Lighthouse,Median CPU % per node,Phase 2,19.54
MaxTx,Nethermind - Lighthouse,Median CPU % per node,Phase 2,4.58
MaxTx,Besu - Lighthouse,Median Gas Gwei,Phase 1,2.16
MaxTx,Equalweight - Lighthouse,Median Gas Gwei,Phase 1,2.08
MaxTx,Geth - Lighthouse,Median Gas Gwei,Phase 1,2.08
MaxTx,Mainnet - Lighthouse,Median Gas Gwei,Phase 1,2.06
MaxTx,Nethermind - Lighthouse,Median Gas Gwei,Phase 1,2.06
MaxTx,Besu - Lighthouse,Median Gas Gwei,Phase 2,2.29
MaxTx,Equalweight - Lighthouse,Median Gas Gwei,Phase 2,2.09
MaxTx,Geth - Lighthouse,Median Gas Gwei,Phase 2,2.35
MaxTx,Mainnet - Lighthouse,Median Gas Gwei,Phase 2,2.18
MaxTx,Nethermind - Lighthouse,Median Gas Gwei,Phase 2,2.02
MaxTx,Besu - Lighthouse,Median Latency ms,Phase 1,6930.00
MaxTx,Equalweight - Lighthouse,Median Latency ms,Phase 1,7294.50
MaxTx,Geth - Lighthouse,Median Latency ms,Phase 1,8781.00
MaxTx,Mainnet - Lighthouse,Median Latency ms,Phase 1,8061.50
MaxTx,Nethermind - Lighthouse,Median Latency ms,Phase 1,7079.00
MaxTx,Besu - Lighthouse,Median Latency ms,Phase 2,131486.00
MaxTx,Equalweight - Lighthouse,Median Latency ms,Phase 2,22261.00
MaxTx,Geth - Lighthouse,Median Latency ms,Phase 2,20471.00
MaxTx,Mainnet - Lighthouse,Median Latency ms,Phase 2,21642.00
MaxTx,Nethermind - Lighthouse,Median Latency ms,Phase 2,57096.00
MaxTx,Besu - Lighthouse,Median Net RX MB/s,Phase 1,4.93
MaxTx,Equalweight - Lighthouse,Median Net RX MB/s,Phase 1,4.22
MaxTx,Geth - Lighthouse,Median Net RX MB/s,Phase 1,4.10
MaxTx,Mainnet - Lighthouse,Median Net RX MB/s,Phase 1,4.17
MaxTx,Nethermind - Lighthouse,Median Net RX MB/s,Phase 1,4.33
MaxTx,Besu - Lighthouse,Median Net RX MB/s,Phase 2,10.24
MaxTx,Equalweight - Lighthouse,Median Net RX MB/s,Phase 2,8.70
MaxTx,Geth - Lighthouse,Median Net RX MB/s,Phase 2,9.46
MaxTx,Mainnet - Lighthouse,Median Net RX MB/s,Phase 2,9.38
MaxTx,Nethermind - Lighthouse,Median Net RX MB/s,Phase 2,8.36
MaxTx,Besu - Lighthouse,Median Net TX MB/s,Phase 1,6.11
MaxTx,Equalweight - Lighthouse,Median Net TX MB/s,Phase 1,5.32
MaxTx,Geth - Lighthouse,Median Net TX MB/s,Phase 1,5.17
MaxTx,Mainnet - Lighthouse,Median Net TX MB/s,Phase 1,5.20
MaxTx,Nethermind - Lighthouse,Median Net TX MB/s,Phase 1,5.39
MaxTx,Besu - Lighthouse,Median Net TX MB/s,Phase 2,15.09
MaxTx,Equalweight - Lighthouse,Median Net TX MB/s,Phase 2,12.35
MaxTx,Geth - Lighthouse,Median Net TX MB/s,Phase 2,13.99
MaxTx,Mainnet - Lighthouse,Median Net TX MB/s,Phase 2,13.82
MaxTx,Nethermind - Lighthouse,Median Net TX MB/s,Phase 2,11.46
MaxTx,Besu - Lighthouse,Median RAM GB,Phase 1,9.02
MaxTx,Equalweight - Lighthouse,Median RAM GB,Phase 1,5.36
MaxTx,Geth - Lighthouse,Median RAM GB,Phase 1,1.64
MaxTx,Mainnet - Lighthouse,Median RAM GB,Phase 1,4.70
MaxTx,Nethermind - Lighthouse,Median RAM GB,Phase 1,6.84
MaxTx,Besu - Lighthouse,Median RAM GB,Phase 2,16.04
MaxTx,Equalweight - Lighthouse,Median RAM GB,Phase 2,7.83
MaxTx,Geth - Lighthouse,Median RAM GB,Phase 2,5.17
MaxTx,Mainnet - Lighthouse,Median RAM GB,Phase 2,7.47
MaxTx,Nethermind - Lighthouse,Median RAM GB,Phase 2,7.37
MaxTx,Besu - Lighthouse,Median RAM GB per node,Phase 1,0.7520
MaxTx,Equalweight - Lighthouse,Median RAM GB per node,Phase 1,0.4473
MaxTx,Geth - Lighthouse,Median RAM GB per node,Phase 1,0.1373
MaxTx,Mainnet - Lighthouse,Median RAM GB per node,Phase 1,0.3919
MaxTx,Nethermind - Lighthouse,Median RAM GB per node,Phase 1,0.5700
MaxTx,Besu - Lighthouse,Median RAM GB per node,Phase 2,1.33
MaxTx,Equalweight - Lighthouse,Median RAM GB per node,Phase 2,0.6526
MaxTx,Geth - Lighthouse,Median RAM GB per node,Phase 2,0.4316
MaxTx,Mainnet - Lighthouse,Median RAM GB per node,Phase 2,0.6229
MaxTx,Nethermind - Lighthouse,Median RAM GB per node,Phase 2,0.6145
MaxTx,Besu - Lighthouse,Median Spam Confirmed,Phase 1,150.00
MaxTx,Equalweight - Lighthouse,Median Spam Confirmed,Phase 1,150.00
MaxTx,Geth - Lighthouse,Median Spam Confirmed,Phase 1,150.00
MaxTx,Mainnet - Lighthouse,Median Spam Confirmed,Phase 1,150.00
MaxTx,Nethermind - Lighthouse,Median Spam Confirmed,Phase 1,150.00
MaxTx,Besu - Lighthouse,Median Spam Confirmed,Phase 2,2052.00
MaxTx,Equalweight - Lighthouse,Median Spam Confirmed,Phase 2,1989.00
MaxTx,Geth - Lighthouse,Median Spam Confirmed,Phase 2,2046.00
MaxTx,Mainnet - Lighthouse,Median Spam Confirmed,Phase 2,2042.00
MaxTx,Nethermind - Lighthouse,Median Spam Confirmed,Phase 2,807.00
MaxTx,Besu - Lighthouse,Median Spam Pending,Phase 1,33.00
MaxTx,Equalweight - Lighthouse,Median Spam Pending,Phase 1,37.00
MaxTx,Geth - Lighthouse,Median Spam Pending,Phase 1,30.00
MaxTx,Mainnet - Lighthouse,Median Spam Pending,Phase 1,14.00
MaxTx,Nethermind - Lighthouse,Median Spam Pending,Phase 1,24.00
MaxTx,Besu - Lighthouse,Median Spam Pending,Phase 2,2258.00
MaxTx,Equalweight - Lighthouse,Median Spam Pending,Phase 2,2447.00
MaxTx,Geth - Lighthouse,Median Spam Pending,Phase 2,2388.00
MaxTx,Mainnet - Lighthouse,Median Spam Pending,Phase 2,2441.00
MaxTx,Nethermind - Lighthouse,Median Spam Pending,Phase 2,3425.00
MaxTx,Besu - Lighthouse,Median Spam Submitted,Phase 1,150.00
MaxTx,Equalweight - Lighthouse,Median Spam Submitted,Phase 1,150.00
MaxTx,Geth - Lighthouse,Median Spam Submitted,Phase 1,150.00
MaxTx,Mainnet - Lighthouse,Median Spam Submitted,Phase 1,150.00
MaxTx,Nethermind - Lighthouse,Median Spam Submitted,Phase 1,150.00
MaxTx,Besu - Lighthouse,Median Spam Submitted,Phase 2,2041.00
MaxTx,Equalweight - Lighthouse,Median Spam Submitted,Phase 2,1864.00
MaxTx,Geth - Lighthouse,Median Spam Submitted,Phase 2,2045.00
MaxTx,Mainnet - Lighthouse,Median Spam Submitted,Phase 2,1980.00
MaxTx,Nethermind - Lighthouse,Median Spam Submitted,Phase 2,803.00
MaxTx,Besu - Lighthouse,Min Block Gas Used %,Phase 1,0.0000
MaxTx,Equalweight - Lighthouse,Min Block Gas Used %,Phase 1,0.0000
MaxTx,Geth - Lighthouse,Min Block Gas Used %,Phase 1,0.0000
MaxTx,Mainnet - Lighthouse,Min Block Gas Used %,Phase 1,0.0000
MaxTx,Nethermind - Lighthouse,Min Block Gas Used %,Phase 1,0.0000
MaxTx,Besu - Lighthouse,Min Block Gas Used %,Phase 2,99.95
MaxTx,Equalweight - Lighthouse,Min Block Gas Used %,Phase 2,10.91
MaxTx,Geth - Lighthouse,Min Block Gas Used %,Phase 2,41.34
MaxTx,Mainnet - Lighthouse,Min Block Gas Used %,Phase 2,7.04
MaxTx,Nethermind - Lighthouse,Min Block Gas Used %,Phase 2,13.42
MaxTx,Besu - Lighthouse,Min Block Size kB,Phase 1,0.6132
MaxTx,Equalweight - Lighthouse,Min Block Size kB,Phase 1,0.6191
MaxTx,Geth - Lighthouse,Min Block Size kB,Phase 1,0.6259
MaxTx,Mainnet - Lighthouse,Min Block Size kB,Phase 1,0.6259
MaxTx,Nethermind - Lighthouse,Min Block Size kB,Phase 1,0.6191
MaxTx,Besu - Lighthouse,Min Block Size kB,Phase 2,225.55
MaxTx,Equalweight - Lighthouse,Min Block Size kB,Phase 2,20.61
MaxTx,Geth - Lighthouse,Min Block Size kB,Phase 2,97.26
MaxTx,Mainnet - Lighthouse,Min Block Size kB,Phase 2,15.29
MaxTx,Nethermind - Lighthouse,Min Block Size kB,Phase 2,26.50
MaxTx,Besu - Lighthouse,Min CPU %,Phase 1,0.0000
MaxTx,Equalweight - Lighthouse,Min CPU %,Phase 1,0.0000
MaxTx,Geth - Lighthouse,Min CPU %,Phase 1,0.0000
MaxTx,Mainnet - Lighthouse,Min CPU %,Phase 1,0.0000
MaxTx,Nethermind - Lighthouse,Min CPU %,Phase 1,0.0000
MaxTx,Besu - Lighthouse,Min CPU %,Phase 2,159.00
MaxTx,Equalweight - Lighthouse,Min CPU %,Phase 2,14.00
MaxTx,Geth - Lighthouse,Min CPU %,Phase 2,10.00
MaxTx,Mainnet - Lighthouse,Min CPU %,Phase 2,14.00
MaxTx,Nethermind - Lighthouse,Min CPU %,Phase 2,23.00
MaxTx,Besu - Lighthouse,Min CPU % per node,Phase 1,0.0000
MaxTx,Equalweight - Lighthouse,Min CPU % per node,Phase 1,0.0000
MaxTx,Geth - Lighthouse,Min CPU % per node,Phase 1,0.0000
MaxTx,Mainnet - Lighthouse,Min CPU % per node,Phase 1,0.0000
MaxTx,Nethermind - Lighthouse,Min CPU % per node,Phase 1,0.0000
MaxTx,Besu - Lighthouse,Min CPU % per node,Phase 2,13.25
MaxTx,Equalweight - Lighthouse,Min CPU % per node,Phase 2,1.16
MaxTx,Geth - Lighthouse,Min CPU % per node,Phase 2,0.8333
MaxTx,Mainnet - Lighthouse,Min CPU % per node,Phase 2,1.16
MaxTx,Nethermind - Lighthouse,Min CPU % per node,Phase 2,1.91
MaxTx,Besu - Lighthouse,Min Gas Gwei,Phase 1,2.04
MaxTx,Equalweight - Lighthouse,Min Gas Gwei,Phase 1,2.04
MaxTx,Geth - Lighthouse,Min Gas Gwei,Phase 1,2.04
MaxTx,Mainnet - Lighthouse,Min Gas Gwei,Phase 1,2.04
MaxTx,Nethermind - Lighthouse,Min Gas Gwei,Phase 1,2.04
MaxTx,Besu - Lighthouse,Min Gas Gwei,Phase 2,2.04
MaxTx,Equalweight - Lighthouse,Min Gas Gwei,Phase 2,2.04
MaxTx,Geth - Lighthouse,Min Gas Gwei,Phase 2,2.05
MaxTx,Mainnet - Lighthouse,Min Gas Gwei,Phase 2,2.05
MaxTx,Nethermind - Lighthouse,Min Gas Gwei,Phase 2,2.02
MaxTx,Besu - Lighthouse,Min Latency ms,Phase 1,751.00
MaxTx,Equalweight - Lighthouse,Min Latency ms,Phase 1,236.00
MaxTx,Geth - Lighthouse,Min Latency ms,Phase 1,121.00
MaxTx,Mainnet - Lighthouse,Min Latency ms,Phase 1,472.00
MaxTx,Nethermind - Lighthouse,Min Latency ms,Phase 1,499.00
MaxTx,Besu - Lighthouse,Min Latency ms,Phase 2,10922.00
MaxTx,Equalweight - Lighthouse,Min Latency ms,Phase 2,472.00
MaxTx,Geth - Lighthouse,Min Latency ms,Phase 2,11492.00
MaxTx,Mainnet - Lighthouse,Min Latency ms,Phase 2,527.00
MaxTx,Nethermind - Lighthouse,Min Latency ms,Phase 2,575.00
MaxTx,Besu - Lighthouse,Min Net RX MB/s,Phase 1,0.0213
MaxTx,Equalweight - Lighthouse,Min Net RX MB/s,Phase 1,0.0056
MaxTx,Geth - Lighthouse,Min Net RX MB/s,Phase 1,0.0027
MaxTx,Mainnet - Lighthouse,Min Net RX MB/s,Phase 1,0.0072
MaxTx,Nethermind - Lighthouse,Min Net RX MB/s,Phase 1,0.0057
MaxTx,Besu - Lighthouse,Min Net RX MB/s,Phase 2,8.41
MaxTx,Equalweight - Lighthouse,Min Net RX MB/s,Phase 2,7.76
MaxTx,Geth - Lighthouse,Min Net RX MB/s,Phase 2,7.98
MaxTx,Mainnet - Lighthouse,Min Net RX MB/s,Phase 2,7.97
MaxTx,Nethermind - Lighthouse,Min Net RX MB/s,Phase 2,7.99
MaxTx,Besu - Lighthouse,Min Net TX MB/s,Phase 1,0.1285
MaxTx,Equalweight - Lighthouse,Min Net TX MB/s,Phase 1,0.0462
MaxTx,Geth - Lighthouse,Min Net TX MB/s,Phase 1,0.0213
MaxTx,Mainnet - Lighthouse,Min Net TX MB/s,Phase 1,0.0338
MaxTx,Nethermind - Lighthouse,Min Net TX MB/s,Phase 1,0.0593
MaxTx,Besu - Lighthouse,Min Net TX MB/s,Phase 2,10.54
MaxTx,Equalweight - Lighthouse,Min Net TX MB/s,Phase 2,9.86
MaxTx,Geth - Lighthouse,Min Net TX MB/s,Phase 2,10.02
MaxTx,Mainnet - Lighthouse,Min Net TX MB/s,Phase 2,10.08
MaxTx,Nethermind - Lighthouse,Min Net TX MB/s,Phase 2,10.07
MaxTx,Besu - Lighthouse,Min RAM GB,Phase 1,6.64
MaxTx,Equalweight - Lighthouse,Min RAM GB,Phase 1,4.58
MaxTx,Geth - Lighthouse,Min RAM GB,Phase 1,0.8388
MaxTx,Mainnet - Lighthouse,Min RAM GB,Phase 1,4.13
MaxTx,Nethermind - Lighthouse,Min RAM GB,Phase 1,4.78
MaxTx,Besu - Lighthouse,Min RAM GB,Phase 2,11.86
MaxTx,Equalweight - Lighthouse,Min RAM GB,Phase 2,5.74
MaxTx,Geth - Lighthouse,Min RAM GB,Phase 2,2.06
MaxTx,Mainnet - Lighthouse,Min RAM GB,Phase 2,4.75
MaxTx,Nethermind - Lighthouse,Min RAM GB,Phase 2,5.92
MaxTx,Besu - Lighthouse,Min RAM GB per node,Phase 1,0.5535
MaxTx,Equalweight - Lighthouse,Min RAM GB per node,Phase 1,0.3822
MaxTx,Geth - Lighthouse,Min RAM GB per node,Phase 1,0.0699
MaxTx,Mainnet - Lighthouse,Min RAM GB per node,Phase 1,0.3442
MaxTx,Nethermind - Lighthouse,Min RAM GB per node,Phase 1,0.3988
MaxTx,Besu - Lighthouse,Min RAM GB per node,Phase 2,0.9888
MaxTx,Equalweight - Lighthouse,Min RAM GB per node,Phase 2,0.4785
MaxTx,Geth - Lighthouse,Min RAM GB per node,Phase 2,0.1720
MaxTx,Mainnet - Lighthouse,Min RAM GB per node,Phase 2,0.3963
MaxTx,Nethermind - Lighthouse,Min RAM GB per node,Phase 2,0.4936
MaxTx,Besu - Lighthouse,Min Spam Confirmed,Phase 1,0.0000
MaxTx,Equalweight - Lighthouse,Min Spam Confirmed,Phase 1,0.0000
MaxTx,Geth - Lighthouse,Min Spam Confirmed,Phase 1,0.0000
MaxTx,Mainnet - Lighthouse,Min Spam Confirmed,Phase 1,0.0000
MaxTx,Nethermind - Lighthouse,Min Spam Confirmed,Phase 1,0.0000
MaxTx,Besu - Lighthouse,Min Spam Confirmed,Phase 2,1869.00
MaxTx,Equalweight - Lighthouse,Min Spam Confirmed,Phase 2,147.00
MaxTx,Geth - Lighthouse,Min Spam Confirmed,Phase 2,818.00
MaxTx,Mainnet - Lighthouse,Min Spam Confirmed,Phase 2,117.00
MaxTx,Nethermind - Lighthouse,Min Spam Confirmed,Phase 2,197.00
MaxTx,Besu - Lighthouse,Min Spam Pending,Phase 1,0.0000
MaxTx,Equalweight - Lighthouse,Min Spam Pending,Phase 1,0.0000
MaxTx,Geth - Lighthouse,Min Spam Pending,Phase 1,0.0000
MaxTx,Mainnet - Lighthouse,Min Spam Pending,Phase 1,0.0000
MaxTx,Nethermind - Lighthouse,Min Spam Pending,Phase 1,0.0000
MaxTx,Besu - Lighthouse,Min Spam Pending,Phase 2,1623.00
MaxTx,Equalweight - Lighthouse,Min Spam Pending,Phase 2,1039.00
MaxTx,Geth - Lighthouse,Min Spam Pending,Phase 2,0.0000
MaxTx,Mainnet - Lighthouse,Min Spam Pending,Phase 2,227.00
MaxTx,Nethermind - Lighthouse,Min Spam Pending,Phase 2,3016.00
MaxTx,Besu - Lighthouse,Min Spam Submitted,Phase 1,0.0000
MaxTx,Equalweight - Lighthouse,Min Spam Submitted,Phase 1,0.0000
MaxTx,Geth - Lighthouse,Min Spam Submitted,Phase 1,0.0000
MaxTx,Mainnet - Lighthouse,Min Spam Submitted,Phase 1,0.0000
MaxTx,Nethermind - Lighthouse,Min Spam Submitted,Phase 1,0.0000
MaxTx,Besu - Lighthouse,Min Spam Submitted,Phase 2,1569.00
MaxTx,Equalweight - Lighthouse,Min Spam Submitted,Phase 2,0.0000
MaxTx,Geth - Lighthouse,Min Spam Submitted,Phase 2,0.0000
MaxTx,Mainnet - Lighthouse,Min Spam Submitted,Phase 2,0.0000
MaxTx,Nethermind - Lighthouse,Min Spam Submitted,Phase 2,157.00
MaxTx,Besu - Lighthouse,TPS,Phase 1,11.95
MaxTx,Equalweight - Lighthouse,TPS,Phase 1,16.77
MaxTx,Geth - Lighthouse,TPS,Phase 1,16.79
MaxTx,Mainnet - Lighthouse,TPS,Phase 1,15.91
MaxTx,Nethermind - Lighthouse,TPS,Phase 1,15.43
MaxTx,Besu - Lighthouse,TPS,Phase 2,176.85
MaxTx,Equalweight - Lighthouse,TPS,Phase 2,130.11
MaxTx,Geth - Lighthouse,TPS,Phase 2,173.03
MaxTx,Mainnet - Lighthouse,TPS,Phase 2,136.88
MaxTx,Nethermind - Lighthouse,TPS,Phase 2,65.16
MaxTx,Besu - Lighthouse,TX Count,Phase 1,4305.00
MaxTx,Equalweight - Lighthouse,TX Count,Phase 1,6038.00
MaxTx,Geth - Lighthouse,TX Count,Phase 1,6047.00
MaxTx,Mainnet - Lighthouse,TX Count,Phase 1,5730.00
MaxTx,Nethermind - Lighthouse,TX Count,Phase 1,5558.00
MaxTx,Besu - Lighthouse,TX Count,Phase 2,67913.00
MaxTx,Equalweight - Lighthouse,TX Count,Phase 2,49966.00
MaxTx,Geth - Lighthouse,TX Count,Phase 2,66445.00
MaxTx,Mainnet - Lighthouse,TX Count,Phase 2,52565.00
MaxTx,Nethermind - Lighthouse,TX Count,Phase 2,25022.00
MaxTx,Besu - Lighthouse,Total Gas Used,Phase 1,191675288.00
MaxTx,Equalweight - Lighthouse,Total Gas Used,Phase 1,225698416.00
MaxTx,Geth - Lighthouse,Total Gas Used,Phase 1,225243476.00
MaxTx,Mainnet - Lighthouse,Total Gas Used,Phase 1,214788667.00
MaxTx,Nethermind - Lighthouse,Total Gas Used,Phase 1,211484356.00
MaxTx,Besu - Lighthouse,Total Gas Used,Phase 2,1484827621.00
MaxTx,Equalweight - Lighthouse,Total Gas Used,Phase 2,1112064772.00
MaxTx,Geth - Lighthouse,Total Gas Used,Phase 2,1458242970.00
MaxTx,Mainnet - Lighthouse,Total Gas Used,Phase 2,1167556061.00
MaxTx,Nethermind - Lighthouse,Total Gas Used,Phase 2,591176020.00
MaxTx,Besu - Lighthouse,Total Spam Submitted,Phase 1,4318.00
MaxTx,Equalweight - Lighthouse,Total Spam Submitted,Phase 1,8205.00
MaxTx,Geth - Lighthouse,Total Spam Submitted,Phase 1,8200.00
MaxTx,Mainnet - Lighthouse,Total Spam Submitted,Phase 1,7869.00
MaxTx,Nethermind - Lighthouse,Total Spam Submitted,Phase 1,7709.00
MaxTx,Besu - Lighthouse,Total Spam Submitted,Phase 2,69985.00
MaxTx,Equalweight - Lighthouse,Total Spam Submitted,Phase 2,48818.00
MaxTx,Geth - Lighthouse,Total Spam Submitted,Phase 2,64264.00
MaxTx,Mainnet - Lighthouse,Total Spam Submitted,Phase 2,50633.00
MaxTx,Nethermind - Lighthouse,Total Spam Submitted,Phase 2,25927.00
MaxTx,Besu - Lighthouse,Total Spam Submitted (1-64),1-64,74303.00
MaxTx,Equalweight - Lighthouse,Total Spam Submitted (1-64),1-64,57023.00
MaxTx,Geth - Lighthouse,Total Spam Submitted (1-64),1-64,72464.00
MaxTx,Mainnet - Lighthouse,Total Spam Submitted (1-64),1-64,58502.00
MaxTx,Nethermind - Lighthouse,Total Spam Submitted (1-64),1-64,33636.00
MaxTx,Besu - Lighthouse,Total TX Count (1-64),1-64,72218.00
MaxTx,Equalweight - Lighthouse,Total TX Count (1-64),1-64,56004.00
MaxTx,Geth - Lighthouse,Total TX Count (1-64),1-64,72492.00
MaxTx,Mainnet - Lighthouse,Total TX Count (1-64),1-64,58295.00
MaxTx,Nethermind - Lighthouse,Total TX Count (1-64),1-64,30580.00
